<?xml version="1.0" encoding="UTF-8"?>
<fm:structure xmlns="http://www.hyfinity.com/xgate" xmlns:fm="http://www.hyfinity.com/formmaker">
	<form_details xmlns="http://www.hyfinity.com/formmaker">
		<error_highlight_method alert="false" as_you_type="true" validation_mode="all">bubble</error_highlight_method>
		<hint_display_method>tooltip</hint_display_method>
		<top_level_message class="topLevelMessage" required="false" style="" />
		<mark_mandatory class="mandatory" location="after_label" required="true" style=""> * </mark_mandatory>
		<description>Enter a description.</description>
		<page_background_style class="" style="" />
		<page_content_style class="" style="" />
		<page_events>
			<events>
				<event id="onbeforeload">
					<action id="FunctionCall">
						<param name="Function" option="Static" value="require" />
						<param name="Parameters" option="Script" value="[&quot;dijit/form/NumberTextBox&quot;]" />
					</action>
				</event>
				<event id="onload">
					<action id="CustomScript">
						<param name="Script" option="Script">getSecurity();</param>
					</action>
				</event>
			</events>
		</page_events>
		<external_events />
	</form_details>
	<fm:group border_styling="false" compatability="false" fieldset="false" gen_method="layout" hide="false" label_position="left" name="logo_section" submit_if_hidden="true">
		<label class="label" options="static" position="outside_group" position_override="top" required="false" style="" type="static" value="Layout Group" xmlns="http://www.hyfinity.com/formmaker">
			<container class="groupLabelBackground" options="static" style="">
				<content_alignment distribution="vertical" />
			</container>
		</label>
		<style class="" options="static" style="" xmlns="http://www.hyfinity.com/formmaker" />
		<fm:content_alignment distribution="horizontal" halign="center" valign="top" />
		<fm:sizing height="fit_to_content" width="fully_expand" />
		<palette_ref control="Layout Group" xmlns="http://www.hyfinity.com/formmaker" />
		<fm:group border_styling="false" compatability="false" fieldset="false" gen_method="layout" hide="false" label_position="left" name="layout_group_2" submit_if_hidden="true">
			<label class="label" options="static" position="outside_group" position_override="top" required="false" style="" type="static" value="Layout Group" xmlns="http://www.hyfinity.com/formmaker">
				<container class="groupLabelBackground" options="static" style="">
					<content_alignment distribution="vertical" />
				</container>
			</label>
			<style class="" options="static" style="" xmlns="http://www.hyfinity.com/formmaker" />
			<fm:content_alignment distribution="horizontal" halign="center" valign="middle" />
			<fm:sizing height="fully_expand" width="fully_expand" />
			<palette_ref control="Layout Group" xmlns="http://www.hyfinity.com/formmaker" />
			<fm:group border_styling="false" compatability="false" fieldset="false" gen_method="layout" hide="false" label_position="left" name="layout_group_3" submit_if_hidden="true">
				<label class="label" options="static" position="outside_group" position_override="top" required="false" style="" type="static" value="Layout Group" xmlns="http://www.hyfinity.com/formmaker">
					<container class="groupLabelBackground" options="static" style="">
						<content_alignment distribution="vertical" />
					</container>
				</label>
				<style class="" options="static" style="" xmlns="http://www.hyfinity.com/formmaker" />
				<fm:content_alignment distribution="vertical" halign="left" valign="middle" />
				<fm:sizing height="fit_to_content" width="fully_expand" />
				<palette_ref control="Layout Group" xmlns="http://www.hyfinity.com/formmaker" />
				<fm:group border_styling="false" compatability="false" fieldset="false" gen_method="layout" hide="false" label_position="left" name="logo" submit_if_hidden="true">
					<label class="label" options="static" position="outside_group" position_override="top" required="false" style="" type="static" value="Layout Group" xmlns="http://www.hyfinity.com/formmaker">
						<container class="groupLabelBackground" options="static" style="">
							<content_alignment distribution="vertical" />
						</container>
					</label>
					<style class="" options="static" style="" xmlns="http://www.hyfinity.com/formmaker" />
					<fm:content_alignment distribution="horizontal" halign="left" valign="middle" />
					<fm:sizing height="fit_to_content" width="fit_to_content" />
					<palette_ref control="Layout Group" xmlns="http://www.hyfinity.com/formmaker" />
					<fm:element disable="false" disable_method="disabled" generate="true" hide="false" name="logoImage_1">
						<field xmlns="http://www.hyfinity.com/formmaker">
							<input caption="custom/image/WHRSC Graphic.png" options="static" size="300">image</input>
							<style class="defaultBackground imageControl" options="static" style="" />
							<element_style class="image whrsclogo" options="static" style="" />
							<date_picker class="" content="" required="false" type="normal" />
							<label class="label" options="static" required="false" style="" type="static" value="Image">
								<container class="labelBackground labelControl" options="static" />
							</label>
							<container>
								<content_alignment halign="left" valign="middle" />
								<sizing width="custom" />
							</container>
						</field>
						<constraints validate="false" xmlns="http://www.hyfinity.com/formmaker">
							<type>string</type>
							<required>false</required>
							<enumeration use_for_output="false" />
						</constraints>
						<error xmlns="http://www.hyfinity.com/formmaker">
							<hint class="hintIcon" style="" use="false">Enter a hint here.</hint>
							<server class="errorIcon" retain="false" style="" use="false" />
						</error>
						<palette_ref control="Image (Picture)" xmlns="http://www.hyfinity.com/formmaker" />
						<description xmlns="http://www.hyfinity.com/formmaker">WHRSC Logo</description>
						<accessibility xmlns="http://www.hyfinity.com/formmaker">
							<alt>WHRSC Logo</alt>
						</accessibility>
					</fm:element>
				</fm:group>
			</fm:group>
			<fm:group border_styling="false" compatability="false" fieldset="false" gen_method="layout" hide="false" label_position="left" name="layout_group_1" submit_if_hidden="true">
				<label class="label" options="static" position="outside_group" position_override="top" required="false" style="" type="static" value="Layout Group" xmlns="http://www.hyfinity.com/formmaker">
					<container class="groupLabelBackground" options="static" style="">
						<content_alignment distribution="vertical" />
					</container>
				</label>
				<style class="" options="static" style="width : 750px;" xmlns="http://www.hyfinity.com/formmaker" />
				<fm:content_alignment distribution="horizontal" halign="center" valign="middle" />
				<fm:sizing height="fit_to_content" width="custom" />
				<palette_ref control="Layout Group" xmlns="http://www.hyfinity.com/formmaker" />
				<fm:group border_styling="false" compatability="false" fieldset="false" gen_method="layout" hide="false" label_position="left" name="title_2" submit_if_hidden="true">
					<label class="label" options="static" position="outside_group" position_override="top" required="false" style="" type="static" value="Layout Group" xmlns="http://www.hyfinity.com/formmaker">
						<container class="groupLabelBackground" options="static" style="">
							<content_alignment distribution="vertical" />
						</container>
					</label>
					<style class="" options="static" style="padding-left:20px;" xmlns="http://www.hyfinity.com/formmaker" />
					<fm:content_alignment distribution="horizontal" halign="center" valign="middle" />
					<fm:sizing height="fully_expand" width="fit_to_content" />
					<palette_ref control="Layout Group" xmlns="http://www.hyfinity.com/formmaker" />
					<fm:element disable="false" disable_method="read_only" generate="true" hide="false" name="formTitle_2">
						<field xmlns="http://www.hyfinity.com/formmaker">
							<input caption="Get Security Clearance Information" options="static">output</input>
							<style class="defaultBackground outputControl" options="static" style="" />
							<element_style class="output" options="static" style="font-family : Arial; font-size : 28pt; " />
							<date_picker class="datePickerIcon" content="" required="false" type="normal" />
							<label class="label" options="static" required="false" style="" type="static" value="Output">
								<container class="labelBackground labelControl" options="static" />
							</label>
							<container />
						</field>
						<constraints validate="false" xmlns="http://www.hyfinity.com/formmaker">
							<type>string</type>
							<required>false</required>
							<enumeration use_for_output="false" />
						</constraints>
						<error xmlns="http://www.hyfinity.com/formmaker">
							<hint class="hintIcon" style="" use="false">Enter a hint here.</hint>
							<server class="errorIcon" retain="false" style="" use="false" />
						</error>
						<palette_ref control="Output" xmlns="http://www.hyfinity.com/formmaker" />
					</fm:element>
				</fm:group>
			</fm:group>
			<fm:group border_styling="false" compatability="false" fieldset="false" gen_method="layout" hide="false" label_position="left" name="layout_group_4" submit_if_hidden="true">
				<label class="label" options="static" position="outside_group" position_override="top" required="false" style="" type="static" value="Layout Group" xmlns="http://www.hyfinity.com/formmaker">
					<container class="groupLabelBackground" options="static" style="">
						<content_alignment distribution="vertical" />
					</container>
				</label>
				<style class="" options="static" style="" xmlns="http://www.hyfinity.com/formmaker" />
				<fm:content_alignment distribution="vertical" halign="right" valign="middle" />
				<fm:sizing height="fit_to_content" width="fully_expand" />
				<palette_ref control="Layout Group" xmlns="http://www.hyfinity.com/formmaker" />
				<fm:group border_styling="false" compatability="false" fieldset="false" gen_method="layout" hide="false" label_position="left" name="logo_2" submit_if_hidden="true">
					<label class="label" options="static" position="outside_group" position_override="top" required="false" style="" type="static" value="Layout Group" xmlns="http://www.hyfinity.com/formmaker">
						<container class="groupLabelBackground" options="static" style="">
							<content_alignment distribution="vertical" />
						</container>
					</label>
					<style class="" options="static" style="" xmlns="http://www.hyfinity.com/formmaker" />
					<fm:content_alignment distribution="horizontal" halign="right" valign="middle" />
					<fm:sizing height="fit_to_content" width="fit_to_content" />
					<palette_ref control="Layout Group" xmlns="http://www.hyfinity.com/formmaker" />
					<fm:element disable="false" disable_method="disabled" generate="true" hide="false" name="logoImage_2">
						<field xmlns="http://www.hyfinity.com/formmaker">
							<input caption="custom/image/hhs.gif" options="static" size="180">image</input>
							<style class="" options="static" style="" />
							<element_style class="" options="static" style="" />
							<date_picker class="" content="" required="false" type="normal" />
							<label class="label" options="static" required="false" style="" type="static" value="Image">
								<container class="labelBackground labelControl" options="static" />
							</label>
							<container>
								<content_alignment halign="left" valign="middle" />
								<sizing width="custom" />
							</container>
						</field>
						<constraints validate="false" xmlns="http://www.hyfinity.com/formmaker">
							<type>string</type>
							<required>false</required>
							<enumeration use_for_output="false" />
						</constraints>
						<error xmlns="http://www.hyfinity.com/formmaker">
							<hint class="hintIcon" style="" use="false">Enter a hint here.</hint>
							<server class="errorIcon" retain="false" style="" use="false" />
						</error>
						<palette_ref control="Image (Picture)" xmlns="http://www.hyfinity.com/formmaker" />
						<description xmlns="http://www.hyfinity.com/formmaker">WHRSC Logo</description>
						<accessibility xmlns="http://www.hyfinity.com/formmaker">
							<alt>WHRSC Logo</alt>
						</accessibility>
					</fm:element>
				</fm:group>
			</fm:group>
		</fm:group>
	</fm:group>
	<fm:group border_styling="false" compatability="false" fieldset="false" gen_method="layout" hide="false" label_position="left" name="prapproval_group" submit_if_hidden="true">
		<label class="label" options="static" position="outside_group" position_override="top" required="false" style="" type="static" value="Layout Group" xmlns="http://www.hyfinity.com/formmaker">
			<container class="groupLabelBackground" options="static" style="">
				<content_alignment distribution="vertical" />
			</container>
		</label>
		<style class="" options="static" style="" xmlns="http://www.hyfinity.com/formmaker" />
		<fm:content_alignment distribution="vertical" halign="left" valign="top" />
		<fm:sizing height="fit_to_content" width="fully_expand" />
		<palette_ref control="Layout Group" xmlns="http://www.hyfinity.com/formmaker" />
		<fm:custom name="separator" type="separator">
			<fm:code xmlns="">
				<div class="separator"></div>
			</fm:code>
			<fm:description>Enter a description.</fm:description>
			<palette_ref control="Separator" xmlns="http://www.hyfinity.com/formmaker" />
		</fm:custom>
		<fm:custom name="spacer" type="spacer">
			<fm:code xmlns="">
				<div style="height: 5px; width: 150px;" xmlns="http://www.hyfinity.com/xfactory"></div>
			</fm:code>
			<fm:description>Enter a description.</fm:description>
			<palette_ref control="Spacer" xmlns="http://www.hyfinity.com/formmaker" />
		</fm:custom>
		<fm:group border_styling="false" compatability="false" fieldset="false" gen_method="layout" hide="false" label_position="left" name="layout_group_10" submit_if_hidden="true">
			<label class="label" options="static" position="outside_group" position_override="top" required="false" style="" type="static" value="Layout Group" xmlns="http://www.hyfinity.com/formmaker">
				<container class="groupLabelBackground" options="static" style="">
					<content_alignment distribution="vertical" />
				</container>
			</label>
			<style class="" options="static" style="" xmlns="http://www.hyfinity.com/formmaker" />
			<fm:content_alignment distribution="vertical" halign="center" valign="middle" />
			<fm:sizing height="fit_to_content" width="fully_expand" />
			<palette_ref control="Layout Group" xmlns="http://www.hyfinity.com/formmaker" />
			<fm:group border_styling="false" compatability="false" fieldset="false" gen_method="layout" hide="false" label_position="left" name="layout_group_7" submit_if_hidden="true">
				<label class="label" options="static" position="outside_group" position_override="top" required="false" style="" type="static" value="Layout Group" xmlns="http://www.hyfinity.com/formmaker">
					<container class="groupLabelBackground" options="static" style="">
						<content_alignment distribution="vertical" />
					</container>
				</label>
				<style class="general_line_item" options="static" style="" xmlns="http://www.hyfinity.com/formmaker" />
				<fm:content_alignment distribution="horizontal" halign="center" valign="middle" />
				<fm:sizing height="fit_to_content" width="fully_expand" />
				<palette_ref control="Layout Group" xmlns="http://www.hyfinity.com/formmaker" />
				<fm:element disable="false" disable_method="read_only" generate="true" hide="false" name="G_LAST_NAME">
					<field xmlns="http://www.hyfinity.com/formmaker">
						<input options="dynamic" size="50">text</input>
						<style class="defaultBackground textboxControl" options="static" style="" />
						<element_style class="output contactsLeft" options="static" style="" />
						<date_picker class="datePickerIcon" content="" required="false" type="normal" />
						<label class="label" options="static" position_override="top" required="true" style="" type="static" value="Last Name">
							<container class="labelBackground labelControl" options="static">
								<content_alignment halign="left" valign="middle" />
							</container>
							<messages>
								<hint class="hintIcon" style="" use="false">Enter a hint.</hint>
							</messages>
						</label>
						<container />
					</field>
					<constraints validate="true" xmlns="http://www.hyfinity.com/formmaker">
						<type>string</type>
						<required>true</required>
						<maxLength>50</maxLength>
						<enumeration use_for_output="false" />
					</constraints>
					<error xmlns="http://www.hyfinity.com/formmaker">
						<hint class="hintIcon" style="" use="false">Enter a hint here.</hint>
						<server class="errorIcon" retain="false" style="" use="false" />
					</error>
					<palette_ref control="Text Box" xmlns="http://www.hyfinity.com/formmaker" />
					<accessibility xmlns="http://www.hyfinity.com/formmaker">
						<tab_index>100</tab_index>
					</accessibility>
					<events xmlns="http://www.hyfinity.com/formmaker" />
				</fm:element>
				<fm:custom name="spacer_3" type="spacer">
					<fm:code xmlns="">
						<div style="height: 21px; width: 20px;" xmlns="http://www.hyfinity.com/xfactory"></div>
					</fm:code>
					<fm:description>Enter a description.</fm:description>
					<palette_ref control="Spacer" xmlns="http://www.hyfinity.com/formmaker" />
				</fm:custom>
				<fm:element disable="false" disable_method="read_only" generate="true" hide="false" name="G_FIRST_NAME">
					<field xmlns="http://www.hyfinity.com/formmaker">
						<input options="dynamic" size="50">text</input>
						<style class="defaultBackground textboxControl" options="static" style="" />
						<element_style class="output contactsLeft" options="static" style="" />
						<date_picker class="datePickerIcon" content="" required="false" type="normal" />
						<label class="label" options="static" position_override="top" required="true" style="" type="static" value="First Name">
							<container class="labelBackground labelControl" options="static">
								<content_alignment halign="left" valign="middle" />
							</container>
							<messages>
								<hint class="hintIcon" style="" use="false">Enter a hint.</hint>
							</messages>
						</label>
						<container />
					</field>
					<constraints validate="true" xmlns="http://www.hyfinity.com/formmaker">
						<type>string</type>
						<required>true</required>
						<maxLength>50</maxLength>
						<enumeration use_for_output="false" />
					</constraints>
					<error xmlns="http://www.hyfinity.com/formmaker">
						<hint class="hintIcon" style="" use="false">Enter a hint here.</hint>
						<server class="errorIcon" retain="false" style="" use="false" />
					</error>
					<palette_ref control="Text Box" xmlns="http://www.hyfinity.com/formmaker" />
					<accessibility xmlns="http://www.hyfinity.com/formmaker">
						<tab_index>120</tab_index>
					</accessibility>
					<events xmlns="http://www.hyfinity.com/formmaker" />
				</fm:element>
			</fm:group>
			<fm:group border_styling="false" compatability="false" fieldset="false" gen_method="layout" hide="false" label_position="left" name="layout_group_31" submit_if_hidden="true">
				<label class="label" options="static" position="outside_group" position_override="top" required="false" style="" type="static" value="Layout Group" xmlns="http://www.hyfinity.com/formmaker">
					<container class="groupLabelBackground" options="static" style="">
						<content_alignment distribution="vertical" />
					</container>
				</label>
				<style class="" options="static" style="border-top-width : 2px; border-top-left-radius : 2px; border-left-width : 2px; border-bottom-left-radius : 2px; border-bottom-width : 2px; border-bottom-right-radius : 2px; border-right-width : 2px; border-top-right-radius : 2px; border-top-style : none; border-right-style : none; border-bottom-style : none; border-left-style : none; width : 830px; border-color: green;" xmlns="http://www.hyfinity.com/formmaker" />
				<fm:content_alignment distribution="vertical" halign="center" valign="middle" />
				<fm:sizing height="fit_to_content" width="custom" />
				<palette_ref control="Layout Group" xmlns="http://www.hyfinity.com/formmaker" />
				<fm:group border_styling="false" compatability="false" fieldset="false" gen_method="layout" hide="false" label_position="left" name="ID_TYPE_GROUP" submit_if_hidden="true">
					<label class="label" options="static" position="outside_group" position_override="top" required="false" style="" type="static" value="Layout Group" xmlns="http://www.hyfinity.com/formmaker">
						<container class="groupLabelBackground" options="static" style="">
							<content_alignment distribution="vertical" />
						</container>
					</label>
					<style class="general_line_item" options="static" style="" xmlns="http://www.hyfinity.com/formmaker" />
					<fm:content_alignment distribution="horizontal" halign="center" valign="middle" />
					<fm:sizing height="fit_to_content" width="fully_expand" />
					<palette_ref control="Layout Group" xmlns="http://www.hyfinity.com/formmaker" />
					<fm:element disable="false" disable_method="disabled" generate="true" hide="false" name="ID_TYPE">
						<field xmlns="http://www.hyfinity.com/formmaker">
							<input options="dynamic">select</input>
							<style class="defaultBackground selectControl" options="static" style="" />
							<element_style class="select contactsLeft" options="static" style="" />
							<date_picker class="" content="" required="false" type="normal" />
							<label class="label" options="static" position_override="top" required="true" style="font-weight : bold;" type="static" value="Identification Type">
								<container class="labelBackground labelControl" options="static">
									<content_alignment halign="left" valign="middle" />
								</container>
							</label>
							<container>
								<content_alignment halign="left" valign="middle" />
							</container>
						</field>
						<constraints validate="true" xmlns="http://www.hyfinity.com/formmaker">
							<type>string</type>
							<required>false</required>
							<enumeration use_for_output="false" />
						</constraints>
						<error xmlns="http://www.hyfinity.com/formmaker">
							<hint class="hintIcon" style="" use="false">Enter a hint here.</hint>
							<server class="errorIcon" retain="false" style="" use="false" />
						</error>
						<palette_ref control="Select Box" xmlns="http://www.hyfinity.com/formmaker" />
					</fm:element>
					<fm:custom name="spacer_11" type="spacer">
						<fm:code xmlns="">
							<div style="height: 21px; width: 420px;" xmlns="http://www.hyfinity.com/xfactory"></div>
						</fm:code>
						<fm:description>Enter a description.</fm:description>
						<palette_ref control="Spacer" xmlns="http://www.hyfinity.com/formmaker" />
					</fm:custom>
				</fm:group>
				<fm:group border_styling="false" compatability="false" fieldset="false" gen_method="layout" hide="false" label_position="left" name="SSN_GROUP" submit_if_hidden="true">
					<label class="label" options="static" position="outside_group" position_override="top" required="false" style="" type="static" value="Layout Group" xmlns="http://www.hyfinity.com/formmaker">
						<container class="groupLabelBackground" options="static" style="">
							<content_alignment distribution="vertical" />
						</container>
					</label>
					<style class="general_line_item" options="static" style="" xmlns="http://www.hyfinity.com/formmaker" />
					<fm:content_alignment distribution="horizontal" halign="center" valign="middle" />
					<fm:sizing height="fit_to_content" width="fully_expand" />
					<palette_ref control="Layout Group" xmlns="http://www.hyfinity.com/formmaker" />
					<fm:element disable="false" disable_method="read_only" generate="true" hide="false" name="G_SSN">
						<field xmlns="http://www.hyfinity.com/formmaker">
							<input options="dynamic" size="9">text</input>
							<style class="defaultBackground textboxControl" options="static" style="" />
							<element_style class="output contactsLeft" options="static" style="" />
							<date_picker class="datePickerIcon" content="" required="false" type="normal" />
							<label class="label" options="static" position_override="top" required="true" style="" type="static" value="SSN">
								<container class="labelBackground labelControl" options="static">
									<content_alignment halign="left" valign="middle" />
								</container>
								<messages>
									<hint class="hintIcon" style="" use="false">Enter a hint.</hint>
								</messages>
							</label>
							<container>
								<content_alignment halign="left" valign="middle" />
							</container>
						</field>
						<constraints validate="true" xmlns="http://www.hyfinity.com/formmaker">
							<type>number</type>
							<required>true</required>
							<maxLength>50</maxLength>
							<pattern>[0-9]{3}[0-9]{2}[0-9]{4}</pattern>
							<enumeration use_for_output="false" />
						</constraints>
						<error xmlns="http://www.hyfinity.com/formmaker">
							<hint class="hintIcon" style="" use="false">Enter a hint here.</hint>
							<server class="errorIcon" retain="false" style="" use="false" />
						</error>
						<palette_ref control="Text Box" xmlns="http://www.hyfinity.com/formmaker" />
						<accessibility xmlns="http://www.hyfinity.com/formmaker">
							<tab_index>140</tab_index>
						</accessibility>
					</fm:element>
					<fm:custom name="spacer_6" type="spacer">
						<fm:code xmlns="">
							<div style="height: 21px; width: 420px;" xmlns="http://www.hyfinity.com/xfactory"></div>
						</fm:code>
						<fm:description>Enter a description.</fm:description>
						<palette_ref control="Spacer" xmlns="http://www.hyfinity.com/formmaker" />
					</fm:custom>
				</fm:group>
				<fm:group border_styling="false" compatability="false" fieldset="false" gen_method="layout" hide="false" label_position="left" name="VISA_GROUP" submit_if_hidden="true">
					<label class="label" options="static" position="outside_group" position_override="top" required="false" style="" type="static" value="Layout Group" xmlns="http://www.hyfinity.com/formmaker">
						<container class="groupLabelBackground" options="static" style="">
							<content_alignment distribution="vertical" />
						</container>
					</label>
					<style class="general_line_item" options="static" style="" xmlns="http://www.hyfinity.com/formmaker" />
					<fm:content_alignment distribution="horizontal" halign="center" valign="middle" />
					<fm:sizing height="fit_to_content" width="fully_expand" />
					<palette_ref control="Layout Group" xmlns="http://www.hyfinity.com/formmaker" />
					<fm:element disable="false" disable_method="read_only" generate="true" hide="false" name="G_VISA">
						<field xmlns="http://www.hyfinity.com/formmaker">
							<input options="dynamic" size="15">text</input>
							<style class="defaultBackground textboxControl" options="static" style="" />
							<element_style class="output contactsLeft" options="static" style="" />
							<date_picker class="datePickerIcon" content="" required="false" type="normal" />
							<label class="label" options="static" position_override="top" required="true" style="" type="static" value="VISA Number">
								<container class="labelBackground labelControl" options="static">
									<content_alignment halign="left" valign="middle" />
								</container>
								<messages>
									<hint class="hintIcon" style="" use="false">Enter a hint.</hint>
								</messages>
							</label>
							<container>
								<content_alignment halign="left" valign="middle" />
							</container>
						</field>
						<constraints validate="true" xmlns="http://www.hyfinity.com/formmaker">
							<type>string</type>
							<required>true</required>
							<maxLength>15</maxLength>
							<enumeration use_for_output="false" />
						</constraints>
						<error xmlns="http://www.hyfinity.com/formmaker">
							<hint class="hintIcon" style="" use="false">Enter a hint here.</hint>
							<server class="errorIcon" retain="false" style="" use="false" />
						</error>
						<palette_ref control="Text Box" xmlns="http://www.hyfinity.com/formmaker" />
						<accessibility xmlns="http://www.hyfinity.com/formmaker">
							<tab_index>200</tab_index>
						</accessibility>
						<events xmlns="http://www.hyfinity.com/formmaker" />
					</fm:element>
					<fm:custom name="spacer_10" type="spacer">
						<fm:code xmlns="">
							<div style="height: 21px; width: 420px;" xmlns="http://www.hyfinity.com/xfactory"></div>
						</fm:code>
						<fm:description>Enter a description.</fm:description>
						<palette_ref control="Spacer" xmlns="http://www.hyfinity.com/formmaker" />
					</fm:custom>
				</fm:group>
				<fm:group border_styling="false" compatability="false" fieldset="false" gen_method="layout" hide="false" label_position="left" name="ALIEN_REG_GROUP" submit_if_hidden="true">
					<label class="label" options="static" position="outside_group" position_override="top" required="false" style="" type="static" value="Layout Group" xmlns="http://www.hyfinity.com/formmaker">
						<container class="groupLabelBackground" options="static" style="">
							<content_alignment distribution="vertical" />
						</container>
					</label>
					<style class="general_line_item" options="static" style="" xmlns="http://www.hyfinity.com/formmaker" />
					<fm:content_alignment distribution="horizontal" halign="center" valign="middle" />
					<fm:sizing height="fit_to_content" width="fully_expand" />
					<palette_ref control="Layout Group" xmlns="http://www.hyfinity.com/formmaker" />
					<fm:element disable="false" disable_method="read_only" generate="true" hide="false" name="G_ALIEN_NUM">
						<field xmlns="http://www.hyfinity.com/formmaker">
							<input options="dynamic" size="9">text</input>
							<style class="defaultBackground textboxControl" options="static" style="" />
							<element_style class="output contactsLeft" options="static" style="" />
							<date_picker class="datePickerIcon" content="" required="false" type="normal" />
							<fm:label class="label" options="static" position_override="top" required="true" style="" type="static" value="Alien Registration Number">
								<fm:container class="labelBackground labelControl" options="static" style="">
									<content_alignment halign="left" valign="middle" />
								</fm:container>
								<messages>
									<hint class="hintIcon" style="" use="false">Enter a hint.</hint>
								</messages>
							</fm:label>
							<container>
								<content_alignment halign="left" valign="middle" />
							</container>
						</field>
						<constraints validate="true" xmlns="http://www.hyfinity.com/formmaker">
							<type>number</type>
							<required>true</required>
							<maxLength>50</maxLength>
							<pattern>[0-9]{3}[0-9]{2}[0-9]{4}</pattern>
							<enumeration use_for_output="false" />
						</constraints>
						<error xmlns="http://www.hyfinity.com/formmaker">
							<hint class="hintIcon" style="" use="false">Enter a hint here.</hint>
							<server class="errorIcon" retain="false" style="" use="false" />
						</error>
						<palette_ref control="Text Box" xmlns="http://www.hyfinity.com/formmaker" />
						<accessibility xmlns="http://www.hyfinity.com/formmaker">
							<tab_index>180</tab_index>
						</accessibility>
					</fm:element>
					<fm:custom name="spacer_9" type="spacer">
						<fm:code xmlns="">
							<div style="height: 21px; width: 420px;" xmlns="http://www.hyfinity.com/xfactory"></div>
						</fm:code>
						<fm:description>Enter a description.</fm:description>
						<palette_ref control="Spacer" xmlns="http://www.hyfinity.com/formmaker" />
					</fm:custom>
				</fm:group>
				<fm:group border_styling="false" compatability="false" fieldset="false" gen_method="layout" hide="false" label_position="left" name="FOREIGN_ID_GROUP" submit_if_hidden="true">
					<label class="label" options="static" position="outside_group" position_override="top" required="false" style="" type="static" value="Layout Group" xmlns="http://www.hyfinity.com/formmaker">
						<container class="groupLabelBackground" options="static" style="">
							<content_alignment distribution="vertical" />
						</container>
					</label>
					<style class="general_line_item" options="static" style="" xmlns="http://www.hyfinity.com/formmaker" />
					<fm:content_alignment distribution="horizontal" halign="center" valign="middle" />
					<fm:sizing height="fit_to_content" width="fully_expand" />
					<palette_ref control="Layout Group" xmlns="http://www.hyfinity.com/formmaker" />
					<fm:element disable="false" disable_method="read_only" generate="true" hide="false" name="G_FOREIGN_ID">
						<field xmlns="http://www.hyfinity.com/formmaker">
							<input options="dynamic" size="20">text</input>
							<style class="defaultBackground textboxControl" options="static" style="" />
							<element_style class="output contactsLeft" options="static" style="" />
							<date_picker class="datePickerIcon" content="" required="false" type="normal" />
							<label class="label" options="static" position_override="top" required="true" style="" type="static" value="Foreign ID">
								<container class="labelBackground labelControl" options="static">
									<content_alignment halign="left" valign="middle" />
								</container>
								<messages>
									<hint class="hintIcon" style="" use="false">Enter a hint.</hint>
								</messages>
							</label>
							<container>
								<content_alignment halign="left" valign="middle" />
							</container>
						</field>
						<constraints validate="true" xmlns="http://www.hyfinity.com/formmaker">
							<type>string</type>
							<required>true</required>
							<maxLength>20</maxLength>
							<enumeration use_for_output="false" />
						</constraints>
						<error xmlns="http://www.hyfinity.com/formmaker">
							<hint class="hintIcon" style="" use="false">Enter a hint here.</hint>
							<server class="errorIcon" retain="false" style="" use="false" />
						</error>
						<palette_ref control="Text Box" xmlns="http://www.hyfinity.com/formmaker" />
						<accessibility xmlns="http://www.hyfinity.com/formmaker">
							<tab_index>200</tab_index>
						</accessibility>
						<events xmlns="http://www.hyfinity.com/formmaker" />
					</fm:element>
					<fm:custom name="spacer_7" type="spacer">
						<fm:code xmlns="">
							<div style="height: 21px; width: 12px;" xmlns="http://www.hyfinity.com/xfactory"></div>
						</fm:code>
						<fm:description>Enter a description.</fm:description>
						<palette_ref control="Spacer" xmlns="http://www.hyfinity.com/formmaker" />
					</fm:custom>
					<fm:element disable="false" disable_method="disabled" generate="true" hide="false" name="G_FOREIGN_COUNTRY">
						<field xmlns="http://www.hyfinity.com/formmaker">
							<input dropdown_default="Select One" options="dynamic">select</input>
							<style class="defaultBackground selectControl" options="static" style="" />
							<element_style class="select contactsLeft" options="static" style="" />
							<date_picker class="" content="" required="false" type="normal" />
							<label class="label" options="static" position_override="top" required="true" style="" type="static" value="Foreign ID Issuing Country">
								<container class="labelBackground labelControl" options="static">
									<content_alignment halign="left" valign="middle" />
								</container>
							</label>
							<container />
						</field>
						<constraints validate="true" xmlns="http://www.hyfinity.com/formmaker">
							<type>string</type>
							<required>true</required>
							<enumeration use_for_output="false">
								<include value="ListItem1">List Item 1</include>
								<include value="ListItem2">List Item 2</include>
								<include value="ListItem3">List Item 3</include>
							</enumeration>
						</constraints>
						<error xmlns="http://www.hyfinity.com/formmaker">
							<hint class="hintIcon" style="" use="false">Enter a hint here.</hint>
							<server class="errorIcon" retain="false" style="" use="false" />
						</error>
						<palette_ref control="Select Box" xmlns="http://www.hyfinity.com/formmaker" />
						<accessibility xmlns="http://www.hyfinity.com/formmaker">
							<tab_index>220</tab_index>
						</accessibility>
						<events xmlns="http://www.hyfinity.com/formmaker" />
					</fm:element>
				</fm:group>
			</fm:group>
			<fm:group border_styling="false" compatability="false" fieldset="false" gen_method="layout" hide="false" label_position="left" name="layout_group_8" submit_if_hidden="true">
				<label class="label" options="static" position="outside_group" position_override="top" required="false" style="" type="static" value="Layout Group" xmlns="http://www.hyfinity.com/formmaker">
					<container class="groupLabelBackground" options="static" style="">
						<content_alignment distribution="vertical" />
					</container>
				</label>
				<style class="general_line_item" options="static" style="" xmlns="http://www.hyfinity.com/formmaker" />
				<fm:content_alignment distribution="horizontal" halign="center" valign="middle" />
				<fm:sizing height="fit_to_content" width="fully_expand" />
				<palette_ref control="Layout Group" xmlns="http://www.hyfinity.com/formmaker" />
				<fm:element disable="false" disable_method="read_only" generate="true" hide="false" name="G_DOB">
					<field xmlns="http://www.hyfinity.com/formmaker">
						<input options="dynamic" size="10">text</input>
						<style class="defaultBackground dateControl" options="static" style="" />
						<element_style class="output contactsLeftDate" options="static" style="" />
						<date_picker class="datePickerIcon" content="" required="true" type="normal" />
						<label class="label" options="static" position_override="top" required="true" style="" type="static" value="Date Of Birth">
							<container class="labelBackground labelControl" options="static">
								<content_alignment halign="left" valign="middle" />
							</container>
						</label>
						<container />
					</field>
					<constraints validate="true" xmlns="http://www.hyfinity.com/formmaker">
						<type>date</type>
						<required>true</required>
						<enumeration use_for_output="false" />
					</constraints>
					<error xmlns="http://www.hyfinity.com/formmaker">
						<hint class="hintIcon" style="" use="false">Enter a hint here.</hint>
						<server class="errorIcon" retain="false" style="" use="false" />
					</error>
					<data_formats xmlns="http://www.hyfinity.com/formmaker">
						<date data="yyyy-MM-dd" display="yyyy-MM-dd" />
					</data_formats>
					<palette_ref control="Date" xmlns="http://www.hyfinity.com/formmaker" />
					<accessibility xmlns="http://www.hyfinity.com/formmaker">
						<tab_index>240</tab_index>
					</accessibility>
				</fm:element>
				<fm:custom name="spacer_4" type="spacer">
					<fm:code xmlns="">
						<div style="height: 21px; width: 427px;" xmlns="http://www.hyfinity.com/xfactory"></div>
					</fm:code>
					<fm:description>Enter a description.</fm:description>
					<palette_ref control="Spacer" xmlns="http://www.hyfinity.com/formmaker" />
				</fm:custom>
			</fm:group>
			<fm:group border_styling="false" compatability="false" fieldset="false" gen_method="layout" hide="false" label_position="left" name="layout_group_9" submit_if_hidden="true">
				<label class="label" options="static" position="outside_group" position_override="top" required="false" style="" type="static" value="Layout Group" xmlns="http://www.hyfinity.com/formmaker">
					<container class="groupLabelBackground" options="static" style="">
						<content_alignment distribution="vertical" />
					</container>
				</label>
				<style class="general_line_item" options="static" style="" xmlns="http://www.hyfinity.com/formmaker" />
				<fm:content_alignment distribution="horizontal" halign="center" valign="middle" />
				<fm:sizing height="fit_to_content" width="fully_expand" />
				<palette_ref control="Layout Group" xmlns="http://www.hyfinity.com/formmaker" />
				<fm:element disable="false" disable_method="disabled" generate="true" hide="false" name="G_OPDIV">
					<field xmlns="http://www.hyfinity.com/formmaker">
						<input dropdown_default="Select One" options="dynamic">select</input>
						<style class="defaultBackground selectControl" options="static" style="" />
						<element_style class="select contactsLeft" options="static" style="" />
						<date_picker class="" content="" required="false" type="normal" />
						<label class="label" options="static" position_override="top" required="true" style="" type="static" value="OPDIV">
							<container class="labelBackground labelControl" options="static">
								<content_alignment halign="left" valign="middle" />
							</container>
						</label>
						<container />
					</field>
					<constraints validate="true" xmlns="http://www.hyfinity.com/formmaker">
						<type>string</type>
						<required>true</required>
						<enumeration use_for_output="false">
							<include value="ListItem1">List Item 1</include>
							<include value="ListItem2">List Item 2</include>
							<include value="ListItem3">List Item 3</include>
						</enumeration>
					</constraints>
					<error xmlns="http://www.hyfinity.com/formmaker">
						<hint class="hintIcon" style="" use="false">Enter a hint here.</hint>
						<server class="errorIcon" retain="false" style="" use="false" />
					</error>
					<palette_ref control="Select Box" xmlns="http://www.hyfinity.com/formmaker" />
					<accessibility xmlns="http://www.hyfinity.com/formmaker">
						<tab_index>280</tab_index>
					</accessibility>
					<events xmlns="http://www.hyfinity.com/formmaker" />
				</fm:element>
				<fm:custom name="spacer_5" type="spacer">
					<fm:code xmlns="">
						<div style="height: 21px; width: 20px;" xmlns="http://www.hyfinity.com/xfactory"></div>
					</fm:code>
					<fm:description>Enter a description.</fm:description>
					<palette_ref control="Spacer" xmlns="http://www.hyfinity.com/formmaker" />
				</fm:custom>
				<fm:element disable="false" disable_method="disabled" generate="true" hide="false" name="G_AFFILIATION">
					<field xmlns="http://www.hyfinity.com/formmaker">
						<input options="dynamic">select</input>
						<style class="defaultBackground selectControl" options="static" style="" />
						<element_style class="select contactsLeft" options="static" style="" />
						<date_picker class="" content="" required="false" type="normal" />
						<label class="label" options="static" position_override="top" required="true" style="" type="static" value="Affiliation">
							<container class="labelBackground labelControl" options="static">
								<content_alignment halign="left" valign="middle" />
							</container>
						</label>
						<container />
					</field>
					<constraints validate="true" xmlns="http://www.hyfinity.com/formmaker">
						<type>string</type>
						<required>true</required>
						<enumeration use_for_output="false">
							<include value="ListItem1">List Item 1</include>
							<include value="ListItem2">List Item 2</include>
							<include value="ListItem3">List Item 3</include>
						</enumeration>
					</constraints>
					<error xmlns="http://www.hyfinity.com/formmaker">
						<hint class="hintIcon" style="" use="false">Enter a hint here.</hint>
						<server class="errorIcon" retain="false" style="" use="false" />
					</error>
					<palette_ref control="Select Box" xmlns="http://www.hyfinity.com/formmaker" />
					<accessibility xmlns="http://www.hyfinity.com/formmaker">
						<tab_index>300</tab_index>
					</accessibility>
					<events xmlns="http://www.hyfinity.com/formmaker" />
				</fm:element>
			</fm:group>
			<fm:custom name="spacer_50" type="spacer">
				<fm:code xmlns="">
					<div style="height: 20px; width: 20px;" xmlns="http://www.hyfinity.com/xfactory"></div>
				</fm:code>
				<fm:description>Enter a description.</fm:description>
				<palette_ref control="Spacer" xmlns="http://www.hyfinity.com/formmaker" />
			</fm:custom>
		</fm:group>
		<fm:group border_styling="false" compatability="false" fieldset="false" gen_method="layout" hide="false" label_position="left" name="layout_group_25" submit_if_hidden="true">
			<label class="label" options="static" position="outside_group" position_override="top" required="false" style="" type="static" value="Layout Group" xmlns="http://www.hyfinity.com/formmaker">
				<container class="groupLabelBackground" options="static" style="" />
			</label>
			<style class="general_line_item " options="static" style="" xmlns="http://www.hyfinity.com/formmaker" />
			<fm:content_alignment distribution="horizontal" halign="center" valign="middle" />
			<fm:sizing height="fit_to_content" width="fully_expand" />
			<palette_ref control="Layout Group" xmlns="http://www.hyfinity.com/formmaker" />
			<fm:element disable="false" disable_method="disabled" generate="true" hide="false" name="GET_SEC_INFO_BTN">
				<field xmlns="http://www.hyfinity.com/formmaker">
					<input caption="Get Security Information" options="static">htmlButton</input>
					<style class="defaultBackground buttonControl" options="static" style="" />
					<element_style class="button" options="static" style="width : 200px;" />
					<date_picker class="" content="" required="false" type="normal" />
					<label class="label" options="static" required="false" style="" type="static" value="Button Label">
						<container class="labelBackground labelControl" options="static" style="" />
					</label>
					<container>
						<sizing width="custom" />
					</container>
				</field>
				<constraints validate="false" xmlns="http://www.hyfinity.com/formmaker">
					<type>string</type>
					<required>false</required>
					<enumeration use_for_output="false" />
				</constraints>
				<error xmlns="http://www.hyfinity.com/formmaker">
					<hint class="hintIcon" style="" use="false">Enter a hint here.</hint>
					<server class="errorIcon" retain="false" style="" use="false" />
				</error>
				<palette_ref control="Button (Standard)" xmlns="http://www.hyfinity.com/formmaker" />
				<events xmlns="http://www.hyfinity.com/formmaker">
					<event id="onclick">
						<condition>
							<check id="custom_condition">
								<param name="Script" option="Script" value="mandatoryValues();" />
							</check>
							<pass>
								<action id="CustomScript">
									<param name="Script" option="Script">greyOut();
callInductionService();</param>
								</action>
								<action id="AjaxSubmission">
									<param name="Action" option="Action" value="insertToAudit" />
									<param name="SourceGroup" option="AllFormData" />
									<param name="TargetGroup" option="PageGroup" value="partial_page_container_group" />
									<param name="Validate" option="Static" value="false" />
								</action>
								<action id="CustomScript">
									<param name="Script" option="Script">closeWindow();</param>
								</action>
							</pass>
							<fail />
						</condition>
					</event>
				</events>
				<accessibility xmlns="http://www.hyfinity.com/formmaker">
					<tab_index>320</tab_index>
				</accessibility>
			</fm:element>
		</fm:group>
		<fm:custom name="spacer_51" type="spacer">
			<fm:code xmlns="">
				<div style="height: 50px; width: 20px;" xmlns="http://www.hyfinity.com/xfactory"></div>
			</fm:code>
			<fm:description>Enter a description.</fm:description>
			<palette_ref control="Spacer" xmlns="http://www.hyfinity.com/formmaker" />
		</fm:custom>
	</fm:group>
	<fm:element disable="false" disable_method="read_only" generate="true" hide="false" name="h_transaction_id">
		<field xmlns="http://www.hyfinity.com/formmaker">
			<input options="dynamic">hidden</input>
			<style class="hide" options="static" style="" />
			<element_style class="hide" options="static" style="" />
			<date_picker class="" content="" required="false" type="normal" />
			<label class="hide" options="static" required="false" style="" type="static" value="Hidden Label">
				<container class="hide" options="static" style="" />
			</label>
			<container />
		</field>
		<constraints validate="false" xmlns="http://www.hyfinity.com/formmaker">
			<type>string</type>
			<required>false</required>
			<enumeration use_for_output="false" />
		</constraints>
		<error xmlns="http://www.hyfinity.com/formmaker">
			<hint class="hintIcon" style="" use="false">Enter a hint here.</hint>
			<server class="errorIcon" retain="false" style="" use="false" />
		</error>
		<palette_ref control="Hidden" xmlns="http://www.hyfinity.com/formmaker" />
	</fm:element>
	<fm:element disable="false" disable_method="read_only" generate="true" hide="false" name="h_requisitionNumber">
		<field xmlns="http://www.hyfinity.com/formmaker">
			<input options="dynamic">hidden</input>
			<style class="hide" options="static" style="" />
			<element_style class="hide" options="static" style="" />
			<disabled_style class="disabled" options="static" style="" />
			<label class="hide" options="static" required="false" style="" type="static" value="Hidden Label">
				<container class="hide" options="static" style="" />
			</label>
			<date_picker class="" content="" popup="false" required="false" type="normal" />
		</field>
		<constraints validate="false" xmlns="http://www.hyfinity.com/formmaker">
			<type>string</type>
			<required>false</required>
			<enumeration use_for_output="false" />
		</constraints>
		<error create_container="false" xmlns="http://www.hyfinity.com/formmaker">
			<hint class="hintIcon" style="" use="false">Enter a hint here.</hint>
			<server class="errorIcon" retain="false" style="" use="false" />
		</error>
		<palette_ref control="Hidden" xmlns="http://www.hyfinity.com/formmaker" />
	</fm:element>
	<fm:element disable="false" disable_method="read_only" generate="true" hide="false" name="h_idType_selected">
		<field xmlns="http://www.hyfinity.com/formmaker">
			<input options="dynamic">hidden</input>
			<style class="hide" options="static" style="" />
			<element_style class="hide" options="static" style="" />
			<date_picker class="" content="" required="false" type="normal" />
			<label class="hide" options="static" required="false" style="" type="static" value="Hidden Label">
				<container class="hide" options="static" style="" />
			</label>
			<container />
		</field>
		<constraints validate="false" xmlns="http://www.hyfinity.com/formmaker">
			<type>string</type>
			<required>false</required>
			<enumeration use_for_output="false" />
		</constraints>
		<error xmlns="http://www.hyfinity.com/formmaker">
			<hint class="hintIcon" style="" use="false">Enter a hint here.</hint>
			<server class="errorIcon" retain="false" style="" use="false" />
		</error>
		<palette_ref control="Hidden" xmlns="http://www.hyfinity.com/formmaker" />
	</fm:element>
	<fm:element disable="false" disable_method="read_only" generate="true" hide="false" name="h_hhsId">
		<field xmlns="http://www.hyfinity.com/formmaker">
			<input options="dynamic">hidden</input>
			<style class="hide" options="static" style="" />
			<element_style class="hide" options="static" style="" />
			<date_picker class="" content="" required="false" type="normal" />
			<label class="hide" options="static" required="false" style="" type="static" value="Hidden Label">
				<container class="hide" options="static" style="" />
			</label>
			<container />
		</field>
		<constraints validate="false" xmlns="http://www.hyfinity.com/formmaker">
			<type>string</type>
			<required>false</required>
			<enumeration use_for_output="false" />
		</constraints>
		<error xmlns="http://www.hyfinity.com/formmaker">
			<hint class="hintIcon" style="" use="false">Enter a hint here.</hint>
			<server class="errorIcon" retain="false" style="" use="false" />
		</error>
		<palette_ref control="Hidden" xmlns="http://www.hyfinity.com/formmaker" />
	</fm:element>
	<fm:element disable="false" disable_method="read_only" generate="true" hide="false" name="h_resultCode">
		<field xmlns="http://www.hyfinity.com/formmaker">
			<input options="dynamic">hidden</input>
			<style class="hide" options="static" style="" />
			<element_style class="hide" options="static" style="" />
			<disabled_style class="disabled" options="static" style="" />
			<label class="hide" options="static" required="false" style="" type="static" value="Hidden Label">
				<container class="hide" options="static" style="" />
			</label>
			<date_picker class="" content="" popup="false" required="false" type="normal" />
		</field>
		<constraints validate="false" xmlns="http://www.hyfinity.com/formmaker">
			<type>string</type>
			<required>false</required>
			<enumeration use_for_output="false" />
		</constraints>
		<error create_container="false" xmlns="http://www.hyfinity.com/formmaker">
			<hint class="hintIcon" style="" use="false">Enter a hint here.</hint>
			<server class="errorIcon" retain="false" style="" use="false" />
		</error>
		<palette_ref control="Hidden" xmlns="http://www.hyfinity.com/formmaker" />
	</fm:element>
	<fm:element disable="false" disable_method="read_only" generate="true" hide="false" name="h_resultMessage">
		<field xmlns="http://www.hyfinity.com/formmaker">
			<input options="dynamic">hidden</input>
			<style class="hide" options="static" style="" />
			<element_style class="hide" options="static" style="" />
			<disabled_style class="disabled" options="static" style="" />
			<label class="hide" options="static" required="false" style="" type="static" value="Hidden Label">
				<container class="hide" options="static" style="" />
			</label>
			<date_picker class="" content="" popup="false" required="false" type="normal" />
		</field>
		<constraints validate="false" xmlns="http://www.hyfinity.com/formmaker">
			<type>string</type>
			<required>false</required>
			<enumeration use_for_output="false" />
		</constraints>
		<error create_container="false" xmlns="http://www.hyfinity.com/formmaker">
			<hint class="hintIcon" style="" use="false">Enter a hint here.</hint>
			<server class="errorIcon" retain="false" style="" use="false" />
		</error>
		<palette_ref control="Hidden" xmlns="http://www.hyfinity.com/formmaker" />
	</fm:element>
	<fm:element disable="false" disable_method="read_only" generate="true" hide="false" name="h_failureDetailMessage">
		<field xmlns="http://www.hyfinity.com/formmaker">
			<input options="dynamic">hidden</input>
			<style class="hide" options="static" style="" />
			<element_style class="hide" options="static" style="" />
			<disabled_style class="disabled" options="static" style="" />
			<label class="hide" options="static" required="false" style="" type="static" value="Hidden Label">
				<container class="hide" options="static" style="" />
			</label>
			<date_picker class="" content="" popup="false" required="false" type="normal" />
		</field>
		<constraints validate="false" xmlns="http://www.hyfinity.com/formmaker">
			<type>string</type>
			<required>false</required>
			<enumeration use_for_output="false" />
		</constraints>
		<error create_container="false" xmlns="http://www.hyfinity.com/formmaker">
			<hint class="hintIcon" style="" use="false">Enter a hint here.</hint>
			<server class="errorIcon" retain="false" style="" use="false" />
		</error>
		<palette_ref control="Hidden" xmlns="http://www.hyfinity.com/formmaker" />
	</fm:element>
	<fm:group border_styling="false" compatability="false" fieldset="false" gen_method="container" hide="false" label_position="left" name="partial_page_container_group" submit_if_hidden="true">
		<label class="label" options="static" position="outside_group" position_override="top" required="false" style="" type="static" value="Partial Page Group" xmlns="http://www.hyfinity.com/formmaker">
			<container class="groupLabelBackground" options="static" style="">
				<content_alignment distribution="vertical" halign="left" valign="middle" />
				<sizing height="custom" width="fully_expand" />
			</container>
		</label>
		<style class="partialPageContainer" options="static" style="" xmlns="http://www.hyfinity.com/formmaker" />
		<fm:content_alignment distribution="vertical" halign="left" valign="top" />
		<fm:sizing height="fit_to_content" width="fit_to_content" />
		<palette_ref control="Partial Page Group" xmlns="http://www.hyfinity.com/formmaker" />
	</fm:group>
</fm:structure>
