<?xml version="1.0" encoding="UTF-8"?>
<fm:structure xmlns:fm="http://www.hyfinity.com/formmaker">
	<form_details xmlns="http://www.hyfinity.com/formmaker">
		<error_highlight_method alert="false" as_you_type="true" validation_mode="all">bubble</error_highlight_method>
		<hint_display_method>tooltip</hint_display_method>
		<top_level_message class="topLevelMessage" required="false" style="" />
		<mark_mandatory class="mandatory" location="after_label" required="true" style=""> * </mark_mandatory>
		<description>Enter a description.</description>
		<page_background_style class="" style="" />
		<page_content_style class="" style="" />
		<page_events>
			<events>
				<event id="onbeforeload">
					<action id="FunctionCall">
						<param name="Function" option="Static" value="require" />
						<param name="Parameters" option="Script" value="[&quot;dijit/Dialog&quot;]" />
					</action>
					<action id="CustomScript">
						<param name="Script" option="Script">loadingResults();</param>
					</action>
				</event>
			</events>
		</page_events>
		<external_events />
	</form_details>
	<fm:group border_styling="false" compatability="false" fieldset="false" gen_method="layout" hide="false" label_position="left" name="RESULTS_SECTION" submit_if_hidden="true">
		<label class="label" options="static" position="outside_group" position_override="top" required="false" style="" type="static" value="Layout Group" xmlns="http://www.hyfinity.com/formmaker">
			<container class="groupLabelBackground" options="static" style="">
				<content_alignment distribution="vertical" />
			</container>
		</label>
		<style class="" options="static" style="" xmlns="http://www.hyfinity.com/formmaker" />
		<fm:content_alignment distribution="vertical" halign="center" valign="middle" />
		<fm:sizing height="fit_to_content" width="fully_expand" />
		<palette_ref control="Layout Group" xmlns="http://www.hyfinity.com/formmaker" />
		<fm:group border_styling="false" compatability="false" fieldset="false" gen_method="layout" hide="false" label_position="left" name="search_ref_number_layout_group" submit_if_hidden="true">
			<label class="label" options="static" position="outside_group" position_override="top" required="false" style="" type="static" value="Layout Group" xmlns="http://www.hyfinity.com/formmaker">
				<container class="groupLabelBackground" options="static" style="">
					<content_alignment distribution="vertical" />
				</container>
			</label>
			<style class="" options="static" style="" xmlns="http://www.hyfinity.com/formmaker" />
			<fm:content_alignment distribution="vertical" halign="center" valign="middle" />
			<fm:sizing height="fit_to_content" width="fully_expand" />
			<palette_ref control="Layout Group" xmlns="http://www.hyfinity.com/formmaker" />
			<fm:element disable="false" disable_method="read_only" generate="true" hide="false" name="SEARCH_REF_NUMBER">
				<field xmlns="http://www.hyfinity.com/formmaker">
					<input options="dynamic">output</input>
					<style class="defaultBackground outputControl" options="static" style="" />
					<element_style class="output" options="static" style="font-style : italic;" />
					<date_picker class="datePickerIcon" content="" required="false" type="normal" />
					<label class="label" options="static" required="true" style="font-style : italic; font-weight : normal;" type="static" value="Search Reference Number:">
						<container class="labelBackground labelControl" options="static" />
					</label>
					<container />
				</field>
				<constraints validate="false" xmlns="http://www.hyfinity.com/formmaker">
					<type>string</type>
					<required>false</required>
					<enumeration use_for_output="false" />
				</constraints>
				<error xmlns="http://www.hyfinity.com/formmaker">
					<hint class="hintIcon" style="" use="false">Enter a hint here.</hint>
					<server class="errorIcon" retain="false" style="" use="false" />
				</error>
				<palette_ref control="Output" xmlns="http://www.hyfinity.com/formmaker" />
				<accessibility xmlns="http://www.hyfinity.com/formmaker">
					<tab_index>210</tab_index>
				</accessibility>
			</fm:element>
		</fm:group>
		<fm:group border_styling="false" compatability="false" fieldset="false" gen_method="layout" hide="false" label_position="left" name="layout_group_with_reason" submit_if_hidden="true">
			<label class="label" options="static" position="outside_group" position_override="top" required="false" style="" type="static" value="Layout Group" xmlns="http://www.hyfinity.com/formmaker">
				<container class="groupLabelBackground" options="static" style="">
					<content_alignment distribution="vertical" />
				</container>
			</label>
			<style class="" options="static" style="" xmlns="http://www.hyfinity.com/formmaker" />
			<fm:content_alignment distribution="horizontal" halign="center" valign="middle" />
			<fm:sizing height="fit_to_content" width="fully_expand" />
			<palette_ref control="Layout Group" xmlns="http://www.hyfinity.com/formmaker" />
			<fm:group border_styling="false" compatability="false" fieldset="false" gen_method="container" hide="false" label_position="left" name="BasicTable_container_group" submit_if_hidden="true">
				<fm:repeat compatability="true" name="BasicTable">
					<vertical_scrolling num_rows="" required="false" xmlns="http://www.hyfinity.com/formmaker" />
					<column_styling alternate_styles="no" change_period="1" class1="firstColumn" class2="alternateColumn" style1="" style2="" xmlns="http://www.hyfinity.com/formmaker" />
					<row_styling alternate_styles="no" change_period="1" class1="firstRow" class2="alternateRow" style1="" style2="" xmlns="http://www.hyfinity.com/formmaker" />
					<style class="repeat wrapRowsOnPhone" options="static" style="" xmlns="http://www.hyfinity.com/formmaker" />
					<description xmlns="http://www.hyfinity.com/formmaker">Enter a description.</description>
					<fm:group border_styling="false" compatability="true" fieldset="false" gen_method="table" hide="false" label_position="top" name="table_content_2" submit_if_hidden="true">
						<fm:element disable="false" disable_method="read_only" generate="true" hide="false" name="PRIORITY">
							<field xmlns="http://www.hyfinity.com/formmaker">
								<input options="dynamic">output</input>
								<style class="defaultBackground outputControl" options="static" style="" />
								<element_style class="output" options="static" style="" />
								<date_picker class="datePickerIcon" content="" required="false" type="normal" />
								<label class="label" options="static" required="true" style="" type="static" value="Priority">
									<container class="labelBackground labelControl" options="static">
										<sizing width="custom" />
									</container>
								</label>
								<container>
									<sizing width="custom" />
								</container>
							</field>
							<constraints validate="false" xmlns="http://www.hyfinity.com/formmaker">
								<type>string</type>
								<required>false</required>
								<enumeration use_for_output="false" />
							</constraints>
							<error xmlns="http://www.hyfinity.com/formmaker">
								<hint class="hintIcon" style="" use="false">Enter a hint here.</hint>
								<server class="errorIcon" retain="false" style="" use="false" />
							</error>
							<fm:palette_ref control="Output" />
							<accessibility xmlns="http://www.hyfinity.com/formmaker">
								<tab_index>230</tab_index>
							</accessibility>
						</fm:element>
						<fm:element disable="false" disable_method="read_only" generate="true" hide="false" name="ID">
							<field xmlns="http://www.hyfinity.com/formmaker">
								<input options="dynamic">hidden</input>
								<style class="hide" options="static" style="" />
								<element_style class="hide" options="static" style="" />
								<disabled_style class="disabled" options="static" style="" />
								<label class="hide" options="static" required="false" style="" type="static" value="Hidden Label">
									<container class="hide" options="static" style="" />
								</label>
								<date_picker class="" content="" popup="false" required="false" type="normal" />
							</field>
							<constraints validate="false" xmlns="http://www.hyfinity.com/formmaker">
								<type>string</type>
								<required>false</required>
								<enumeration use_for_output="false" />
							</constraints>
							<error create_container="false" xmlns="http://www.hyfinity.com/formmaker">
								<hint class="hintIcon" style="" use="false">Enter a hint here.</hint>
								<server class="errorIcon" retain="false" style="" use="false" />
							</error>
							<palette_ref control="Hidden" xmlns="http://www.hyfinity.com/formmaker" />
						</fm:element>
						<fm:element disable="false" disable_method="read_only" generate="true" hide="false" name="SEARCH_ID">
							<field xmlns="http://www.hyfinity.com/formmaker">
								<input options="dynamic">hidden</input>
								<style class="hide" options="static" style="" />
								<element_style class="hide" options="static" style="" />
								<disabled_style class="disabled" options="static" style="" />
								<label class="hide" options="static" required="false" style="" type="static" value="Hidden Label">
									<container class="hide" options="static" style="" />
								</label>
								<date_picker class="" content="" popup="false" required="false" type="normal" />
							</field>
							<constraints validate="false" xmlns="http://www.hyfinity.com/formmaker">
								<type>string</type>
								<required>false</required>
								<enumeration use_for_output="false" />
							</constraints>
							<error create_container="false" xmlns="http://www.hyfinity.com/formmaker">
								<hint class="hintIcon" style="" use="false">Enter a hint here.</hint>
								<server class="errorIcon" retain="false" style="" use="false" />
							</error>
							<palette_ref control="Hidden" xmlns="http://www.hyfinity.com/formmaker" />
						</fm:element>
						<fm:element disable="false" disable_method="read_only" generate="true" hide="false" name="CANDIDATE_ID">
							<field xmlns="http://www.hyfinity.com/formmaker">
								<input options="dynamic">hidden</input>
								<style class="hide" options="static" style="" />
								<element_style class="hide" options="static" style="" />
								<disabled_style class="disabled" options="static" style="" />
								<label class="hide" options="static" required="false" style="" type="static" value="Hidden Label">
									<container class="hide" options="static" style="" />
								</label>
								<date_picker class="" content="" popup="false" required="false" type="normal" />
							</field>
							<constraints validate="false" xmlns="http://www.hyfinity.com/formmaker">
								<type>string</type>
								<required>false</required>
								<enumeration use_for_output="false" />
							</constraints>
							<error create_container="false" xmlns="http://www.hyfinity.com/formmaker">
								<hint class="hintIcon" style="" use="false">Enter a hint here.</hint>
								<server class="errorIcon" retain="false" style="" use="false" />
							</error>
							<palette_ref control="Hidden" xmlns="http://www.hyfinity.com/formmaker" />
						</fm:element>
						<fm:element disable="false" disable_method="read_only" generate="true" hide="false" name="EMPLOYEEID">
							<field xmlns="http://www.hyfinity.com/formmaker">
								<input options="dynamic">output</input>
								<style class="defaultBackground outputControl" options="static" style="" />
								<element_style class="output" options="static" style="" />
								<date_picker class="datePickerIcon" content="" required="false" type="normal" />
								<label class="label" options="static" required="true" style="" type="static" value="Employee ID">
									<container class="labelBackground labelControl" options="static">
										<sizing width="custom" />
									</container>
								</label>
								<container>
									<sizing width="custom" />
								</container>
							</field>
							<constraints validate="false" xmlns="http://www.hyfinity.com/formmaker">
								<type>string</type>
								<required>false</required>
								<enumeration use_for_output="false" />
							</constraints>
							<error xmlns="http://www.hyfinity.com/formmaker">
								<hint class="hintIcon" style="" use="false">Enter a hint here.</hint>
								<server class="errorIcon" retain="false" style="" use="false" />
							</error>
							<fm:palette_ref control="Output" />
							<accessibility xmlns="http://www.hyfinity.com/formmaker">
								<tab_index>230</tab_index>
							</accessibility>
						</fm:element>
						<fm:element disable="false" disable_method="read_only" generate="true" hide="false" name="LIST_NAME">
							<field xmlns="http://www.hyfinity.com/formmaker">
								<input options="dynamic">output</input>
								<style class="defaultBackground outputControl" options="static" style="" />
								<element_style class="output" options="static" style="" />
								<date_picker class="datePickerIcon" content="" required="false" type="normal" />
								<label class="label" options="static" required="true" style="" type="static" value="List Name">
									<container class="labelBackground labelControl" options="static" style="" />
								</label>
								<container />
							</field>
							<constraints validate="false" xmlns="http://www.hyfinity.com/formmaker">
								<type>string</type>
								<required>false</required>
								<enumeration use_for_output="false" />
							</constraints>
							<error xmlns="http://www.hyfinity.com/formmaker">
								<hint class="hintIcon" style="" use="false">Enter a hint here.</hint>
								<server class="errorIcon" retain="false" style="" use="false" />
							</error>
							<fm:palette_ref control="Output" />
							<accessibility xmlns="http://www.hyfinity.com/formmaker">
								<tab_index>230</tab_index>
							</accessibility>
						</fm:element>
						<fm:element disable="false" disable_method="read_only" generate="true" hide="false" name="CANDIDATE_NAME">
							<field xmlns="http://www.hyfinity.com/formmaker">
								<input options="dynamic">output</input>
								<style class="defaultBackground hyperlinkControl" options="static" style="" />
								<element_style class="hyperlink" options="static" style="cursor:pointer; " />
								<date_picker class="datePickerIcon" content="" required="false" type="normal" />
								<label class="label" options="static" required="true" style="" type="static" value="Name">
									<container class="labelBackground labelControl" options="static" style="" />
								</label>
								<container />
							</field>
							<constraints validate="false" xmlns="http://www.hyfinity.com/formmaker">
								<type>string</type>
								<required>false</required>
								<enumeration use_for_output="false" />
							</constraints>
							<error xmlns="http://www.hyfinity.com/formmaker">
								<hint class="hintIcon" style="" use="false">Enter a hint here.</hint>
								<server class="errorIcon" retain="false" style="" use="false" />
							</error>
							<fm:palette_ref control="Output" />
							<events xmlns="http://www.hyfinity.com/formmaker" />
							<accessibility xmlns="http://www.hyfinity.com/formmaker">
								<tab_index>230</tab_index>
							</accessibility>
						</fm:element>
						<fm:element disable="false" disable_method="read_only" generate="true" hide="false" name="PAYPLAN">
							<field xmlns="http://www.hyfinity.com/formmaker">
								<input options="dynamic">output</input>
								<style class="defaultBackground outputControl" options="static" style="" />
								<element_style class="output" options="static" style="" />
								<date_picker class="datePickerIcon" content="" required="false" type="normal" />
								<label class="label" options="static" required="true" style="" type="static" value="Pay Plan">
									<container class="labelBackground labelControl" options="static" style="" />
								</label>
								<container />
							</field>
							<constraints validate="false" xmlns="http://www.hyfinity.com/formmaker">
								<type>string</type>
								<required>false</required>
								<enumeration use_for_output="false" />
							</constraints>
							<error xmlns="http://www.hyfinity.com/formmaker">
								<hint class="hintIcon" style="" use="false">Enter a hint here.</hint>
								<server class="errorIcon" retain="false" style="" use="false" />
							</error>
							<fm:palette_ref control="Output" />
							<accessibility xmlns="http://www.hyfinity.com/formmaker">
								<tab_index>230</tab_index>
							</accessibility>
						</fm:element>
						<fm:element disable="false" disable_method="read_only" generate="true" hide="false" name="SERIES">
							<field xmlns="http://www.hyfinity.com/formmaker">
								<input options="dynamic">output</input>
								<style class="defaultBackground outputControl" options="static" style="" />
								<element_style class="output" options="static" style="" />
								<date_picker class="datePickerIcon" content="" required="false" type="normal" />
								<label class="label" options="static" required="true" style="" type="static" value="Series">
									<container class="labelBackground labelControl" options="static" style="" />
								</label>
								<container />
							</field>
							<constraints validate="false" xmlns="http://www.hyfinity.com/formmaker">
								<type>string</type>
								<required>false</required>
								<enumeration use_for_output="false" />
							</constraints>
							<error xmlns="http://www.hyfinity.com/formmaker">
								<hint class="hintIcon" style="" use="false">Enter a hint here.</hint>
								<server class="errorIcon" retain="false" style="" use="false" />
							</error>
							<fm:palette_ref control="Output" />
							<accessibility xmlns="http://www.hyfinity.com/formmaker">
								<tab_index>230</tab_index>
							</accessibility>
						</fm:element>
						<fm:element disable="false" disable_method="read_only" generate="true" hide="false" name="GRADE">
							<field xmlns="http://www.hyfinity.com/formmaker">
								<input options="dynamic">output</input>
								<style class="defaultBackground outputControl" options="static" style="" />
								<element_style class="output" options="static" style="" />
								<date_picker class="datePickerIcon" content="" required="false" type="normal" />
								<label class="label" options="static" required="true" style="" type="static" value="Grade">
									<container class="labelBackground labelControl" options="static" />
								</label>
								<container />
							</field>
							<constraints validate="false" xmlns="http://www.hyfinity.com/formmaker">
								<type>string</type>
								<required>false</required>
								<enumeration use_for_output="false" />
							</constraints>
							<error xmlns="http://www.hyfinity.com/formmaker">
								<hint class="hintIcon" style="" use="false">Enter a hint here.</hint>
								<server class="errorIcon" retain="false" style="" use="false" />
							</error>
							<fm:palette_ref control="Output" />
							<accessibility xmlns="http://www.hyfinity.com/formmaker">
								<tab_index>230</tab_index>
							</accessibility>
						</fm:element>
						<fm:element disable="false" disable_method="disabled" generate="true" hide="false" name="REASON_CLEARED">
							<field xmlns="http://www.hyfinity.com/formmaker">
								<input dropdown_default="Not Cleared" options="dynamic">select</input>
								<style class="defaultBackground selectControl" options="static" style="" />
								<element_style class="select" options="static" style="width : 230px;" />
								<date_picker class="" content="" required="false" type="normal" />
								<label class="label" options="static" required="true" style="width : 200px;" type="static" value="Reason Cleared">
									<container class="labelBackground labelControl" options="static">
										<content_alignment halign="left" valign="middle" />
										<sizing width="custom" />
									</container>
								</label>
								<container>
									<content_alignment halign="left" valign="middle" />
									<sizing width="custom" />
								</container>
							</field>
							<constraints validate="true" xmlns="http://www.hyfinity.com/formmaker">
								<type>string</type>
								<required>false</required>
								<enumeration use_for_output="false" />
							</constraints>
							<error xmlns="http://www.hyfinity.com/formmaker">
								<hint class="hintIcon" style="" use="false">Enter a hint here.</hint>
								<server class="errorIcon" retain="false" style="" use="false" />
							</error>
							<palette_ref control="Select Box" xmlns="http://www.hyfinity.com/formmaker" />
							<events xmlns="http://www.hyfinity.com/formmaker" />
							<accessibility xmlns="http://www.hyfinity.com/formmaker">
								<tab_index>230</tab_index>
							</accessibility>
						</fm:element>
						<fm:element disable="false" disable_method="read_only" generate="true" hide="false" name="COMMENT">
							<field xmlns="http://www.hyfinity.com/formmaker">
								<input expandable="true" max="10" min="2" options="dynamic" size="40">textarea</input>
								<style class="defaultBackground textareaControl" options="static" style="" />
								<element_style class="textbox" options="static" style="" />
								<date_picker class="datePickerIcon" content="" required="false" type="normal" />
								<label class="label" options="static" required="true" style="" type="static" value="Comments">
									<container class="labelBackground labelControl" options="static" />
								</label>
								<container />
							</field>
							<constraints validate="true" xmlns="http://www.hyfinity.com/formmaker">
								<type>string</type>
								<required>false</required>
								<enumeration use_for_output="false" />
							</constraints>
							<error xmlns="http://www.hyfinity.com/formmaker">
								<hint class="hintIcon" style="" use="false">Enter a hint here.</hint>
								<server class="errorIcon" retain="false" style="" use="false" />
							</error>
							<palette_ref control="Text Area" xmlns="http://www.hyfinity.com/formmaker" />
							<accessibility xmlns="http://www.hyfinity.com/formmaker">
								<tab_index>230</tab_index>
							</accessibility>
							<custom_attributes xmlns="http://www.hyfinity.com/formmaker">
								<attribute name="maxLength" type="custom" value="1000" />
							</custom_attributes>
						</fm:element>
						<label class="label" options="static" position="outside_group" position_override="top" required="false" style="" type="static" value="" xmlns="http://www.hyfinity.com/formmaker">
							<container class="groupLabelBackground" options="static" style="">
								<content_alignment distribution="vertical" halign="left" valign="middle" />
								<sizing height="custom" width="fully_expand" />
							</container>
						</label>
						<style class="repeatRow" options="static" style="" xmlns="http://www.hyfinity.com/formmaker" />
						<content_alignment distribution="vertical" halign="left" valign="top" xmlns="http://www.hyfinity.com/formmaker" />
					</fm:group>
				</fm:repeat>
				<label class="label" options="static" position="inside_group" position_override="top" required="false" style="" type="static" value="Table Name" xmlns="http://www.hyfinity.com/formmaker">
					<container class="groupLabelBackground" options="static" style="">
						<content_alignment distribution="vertical" halign="left" valign="middle" />
						<sizing height="custom" width="fully_expand" />
					</container>
				</label>
				<style class="basicTableContainer" options="static" style="width : 1000px;" xmlns="http://www.hyfinity.com/formmaker" />
				<content_alignment distribution="vertical" halign="left" valign="top" xmlns="http://www.hyfinity.com/formmaker" />
				<sizing height="custom" width="custom" xmlns="http://www.hyfinity.com/formmaker" />
				<palette_ref control="Basic Table" xmlns="http://www.hyfinity.com/formmaker" />
			</fm:group>
		</fm:group>
		<fm:group border_styling="false" compatability="false" fieldset="false" gen_method="layout" hide="false" label_position="left" name="layout_group_no_reason" submit_if_hidden="true">
			<label class="label" options="static" position="outside_group" position_override="top" required="false" style="" type="static" value="Layout Group" xmlns="http://www.hyfinity.com/formmaker">
				<container class="groupLabelBackground" options="static" style="">
					<content_alignment distribution="vertical" />
				</container>
			</label>
			<style class="" options="static" style="" xmlns="http://www.hyfinity.com/formmaker" />
			<fm:content_alignment distribution="horizontal" halign="center" valign="middle" />
			<fm:sizing height="fit_to_content" width="fully_expand" />
			<palette_ref control="Layout Group" xmlns="http://www.hyfinity.com/formmaker" />
			<fm:group border_styling="false" compatability="false" fieldset="false" gen_method="container" hide="false" label_position="left" name="BasicTable_container_group_2" submit_if_hidden="true">
				<fm:repeat compatability="true" name="BasicTable_2">
					<vertical_scrolling num_rows="" required="false" xmlns="http://www.hyfinity.com/formmaker" />
					<column_styling alternate_styles="no" change_period="1" class1="firstColumn" class2="alternateColumn" style1="" style2="" xmlns="http://www.hyfinity.com/formmaker" />
					<row_styling alternate_styles="no" change_period="1" class1="firstRow" class2="alternateRow" style1="" style2="" xmlns="http://www.hyfinity.com/formmaker" />
					<style class="repeat wrapRowsOnPhone" options="static" style="" xmlns="http://www.hyfinity.com/formmaker" />
					<description xmlns="http://www.hyfinity.com/formmaker">Enter a description.</description>
					<fm:group border_styling="false" compatability="true" fieldset="false" gen_method="table" hide="false" label_position="top" name="table_content_3" submit_if_hidden="true">
						<fm:element disable="false" disable_method="read_only" generate="true" hide="false" name="table_field1_3">
							<field xmlns="http://www.hyfinity.com/formmaker">
								<input options="dynamic">output</input>
								<style class="defaultBackground outputControl" options="static" style="" />
								<element_style class="output" options="static" style="" />
								<date_picker class="datePickerIcon" content="" required="false" type="normal" />
								<label class="label" options="static" required="true" style="" type="static" value="Priority">
									<container class="labelBackground labelControl" options="static">
										<sizing width="custom" />
									</container>
								</label>
								<container>
									<sizing width="custom" />
								</container>
							</field>
							<constraints validate="false" xmlns="http://www.hyfinity.com/formmaker">
								<type>string</type>
								<required>false</required>
								<enumeration use_for_output="false" />
							</constraints>
							<error xmlns="http://www.hyfinity.com/formmaker">
								<hint class="hintIcon" style="" use="false">Enter a hint here.</hint>
								<server class="errorIcon" retain="false" style="" use="false" />
							</error>
							<fm:palette_ref control="Output" />
							<accessibility xmlns="http://www.hyfinity.com/formmaker">
								<tab_index>230</tab_index>
							</accessibility>
						</fm:element>
						<fm:element disable="false" disable_method="read_only" generate="true" hide="false" name="table_field2_3">
							<field xmlns="http://www.hyfinity.com/formmaker">
								<input options="dynamic">output</input>
								<style class="defaultBackground outputControl" options="static" style="" />
								<element_style class="output" options="static" style="" />
								<date_picker class="datePickerIcon" content="" required="false" type="normal" />
								<label class="label" options="static" required="true" style="" type="static" value="Employee ID">
									<container class="labelBackground labelControl" options="static">
										<sizing width="custom" />
									</container>
								</label>
								<container>
									<sizing width="custom" />
								</container>
							</field>
							<constraints validate="false" xmlns="http://www.hyfinity.com/formmaker">
								<type>string</type>
								<required>false</required>
								<enumeration use_for_output="false" />
							</constraints>
							<error xmlns="http://www.hyfinity.com/formmaker">
								<hint class="hintIcon" style="" use="false">Enter a hint here.</hint>
								<server class="errorIcon" retain="false" style="" use="false" />
							</error>
							<fm:palette_ref control="Output" />
							<accessibility xmlns="http://www.hyfinity.com/formmaker">
								<tab_index>230</tab_index>
							</accessibility>
						</fm:element>
						<fm:element disable="false" disable_method="read_only" generate="true" hide="false" name="table_field3_2">
							<field xmlns="http://www.hyfinity.com/formmaker">
								<input options="dynamic">output</input>
								<style class="defaultBackground outputControl" options="static" style="" />
								<element_style class="output" options="static" style="" />
								<date_picker class="datePickerIcon" content="" required="false" type="normal" />
								<label class="label" options="static" required="true" style="" type="static" value="List Name">
									<container class="labelBackground labelControl" options="static" style="" />
								</label>
								<container />
							</field>
							<constraints validate="false" xmlns="http://www.hyfinity.com/formmaker">
								<type>string</type>
								<required>false</required>
								<enumeration use_for_output="false" />
							</constraints>
							<error xmlns="http://www.hyfinity.com/formmaker">
								<hint class="hintIcon" style="" use="false">Enter a hint here.</hint>
								<server class="errorIcon" retain="false" style="" use="false" />
							</error>
							<fm:palette_ref control="Output" />
							<accessibility xmlns="http://www.hyfinity.com/formmaker">
								<tab_index>230</tab_index>
							</accessibility>
						</fm:element>
						<fm:element disable="false" disable_method="read_only" generate="true" hide="false" name="CANDIDATE_NAME_2">
							<field xmlns="http://www.hyfinity.com/formmaker">
								<input options="dynamic">output</input>
								<style class="defaultBackground hyperlinkControl" options="static" style="" />
								<element_style class="hyperlink" options="static" style="" />
								<date_picker class="datePickerIcon" content="" required="false" type="normal" />
								<label class="label" options="static" required="true" style="" type="static" value="Name">
									<container class="labelBackground labelControl" options="static" style="" />
								</label>
								<container />
							</field>
							<constraints validate="false" xmlns="http://www.hyfinity.com/formmaker">
								<type>string</type>
								<required>false</required>
								<enumeration use_for_output="false" />
							</constraints>
							<error xmlns="http://www.hyfinity.com/formmaker">
								<hint class="hintIcon" style="" use="false">Enter a hint here.</hint>
								<server class="errorIcon" retain="false" style="" use="false" />
							</error>
							<fm:palette_ref control="Output" />
							<events xmlns="http://www.hyfinity.com/formmaker" />
							<accessibility xmlns="http://www.hyfinity.com/formmaker">
								<tab_index>230</tab_index>
							</accessibility>
						</fm:element>
						<fm:element disable="false" disable_method="read_only" generate="true" hide="false" name="table_field5_2">
							<field xmlns="http://www.hyfinity.com/formmaker">
								<input options="dynamic">output</input>
								<style class="defaultBackground outputControl" options="static" style="" />
								<element_style class="output" options="static" style="" />
								<date_picker class="datePickerIcon" content="" required="false" type="normal" />
								<label class="label" options="static" required="true" style="" type="static" value="Pay Plan">
									<container class="labelBackground labelControl" options="static" style="" />
								</label>
								<container />
							</field>
							<constraints validate="false" xmlns="http://www.hyfinity.com/formmaker">
								<type>string</type>
								<required>false</required>
								<enumeration use_for_output="false" />
							</constraints>
							<error xmlns="http://www.hyfinity.com/formmaker">
								<hint class="hintIcon" style="" use="false">Enter a hint here.</hint>
								<server class="errorIcon" retain="false" style="" use="false" />
							</error>
							<fm:palette_ref control="Output" />
							<accessibility xmlns="http://www.hyfinity.com/formmaker">
								<tab_index>230</tab_index>
							</accessibility>
						</fm:element>
						<fm:element disable="false" disable_method="read_only" generate="true" hide="false" name="table_field6_2">
							<field xmlns="http://www.hyfinity.com/formmaker">
								<input options="dynamic">output</input>
								<style class="defaultBackground outputControl" options="static" style="" />
								<element_style class="output" options="static" style="" />
								<date_picker class="datePickerIcon" content="" required="false" type="normal" />
								<label class="label" options="static" required="true" style="" type="static" value="Series">
									<container class="labelBackground labelControl" options="static" style="" />
								</label>
								<container />
							</field>
							<constraints validate="false" xmlns="http://www.hyfinity.com/formmaker">
								<type>string</type>
								<required>false</required>
								<enumeration use_for_output="false" />
							</constraints>
							<error xmlns="http://www.hyfinity.com/formmaker">
								<hint class="hintIcon" style="" use="false">Enter a hint here.</hint>
								<server class="errorIcon" retain="false" style="" use="false" />
							</error>
							<fm:palette_ref control="Output" />
							<accessibility xmlns="http://www.hyfinity.com/formmaker">
								<tab_index>230</tab_index>
							</accessibility>
						</fm:element>
						<fm:element disable="false" disable_method="read_only" generate="true" hide="false" name="table_field7_2">
							<field xmlns="http://www.hyfinity.com/formmaker">
								<input options="dynamic">output</input>
								<style class="defaultBackground outputControl" options="static" style="" />
								<element_style class="output" options="static" style="" />
								<date_picker class="datePickerIcon" content="" required="false" type="normal" />
								<label class="label" options="static" required="true" style="" type="static" value="Grade">
									<container class="labelBackground labelControl" options="static" />
								</label>
								<container />
							</field>
							<constraints validate="false" xmlns="http://www.hyfinity.com/formmaker">
								<type>string</type>
								<required>false</required>
								<enumeration use_for_output="false" />
							</constraints>
							<error xmlns="http://www.hyfinity.com/formmaker">
								<hint class="hintIcon" style="" use="false">Enter a hint here.</hint>
								<server class="errorIcon" retain="false" style="" use="false" />
							</error>
							<fm:palette_ref control="Output" />
							<accessibility xmlns="http://www.hyfinity.com/formmaker">
								<tab_index>230</tab_index>
							</accessibility>
						</fm:element>
						<label class="label" options="static" position="outside_group" position_override="top" required="false" style="" type="static" value="" xmlns="http://www.hyfinity.com/formmaker">
							<container class="groupLabelBackground" options="static" style="">
								<content_alignment distribution="vertical" halign="left" valign="middle" />
								<sizing height="custom" width="fully_expand" />
							</container>
						</label>
						<style class="repeatRow" options="static" style="" xmlns="http://www.hyfinity.com/formmaker" />
						<content_alignment distribution="vertical" halign="left" valign="top" xmlns="http://www.hyfinity.com/formmaker" />
					</fm:group>
				</fm:repeat>
				<label class="label" options="static" position="inside_group" position_override="top" required="false" style="" type="static" value="Table Name" xmlns="http://www.hyfinity.com/formmaker">
					<container class="groupLabelBackground" options="static" style="">
						<content_alignment distribution="vertical" halign="left" valign="middle" />
						<sizing height="custom" width="fully_expand" />
					</container>
				</label>
				<style class="basicTableContainer" options="static" style="width : 800px;" xmlns="http://www.hyfinity.com/formmaker" />
				<content_alignment distribution="vertical" halign="left" valign="top" xmlns="http://www.hyfinity.com/formmaker" />
				<sizing height="fit_to_content" width="custom" xmlns="http://www.hyfinity.com/formmaker" />
				<palette_ref control="Basic Table" xmlns="http://www.hyfinity.com/formmaker" />
			</fm:group>
		</fm:group>
		<fm:custom name="spacer" type="spacer">
			<fm:code>
				<div style="height: 21px; width: 150px;" xmlns=""></div>
			</fm:code>
			<fm:description />
			<palette_ref control="Spacer" xmlns="http://www.hyfinity.com/formmaker" />
		</fm:custom>
		<fm:group border_styling="false" compatability="false" fieldset="false" gen_method="layout" hide="false" label_position="left" name="layout_group_20" submit_if_hidden="true">
			<label class="label" options="static" position="outside_group" position_override="top" required="false" style="" type="static" value="Layout Group" xmlns="http://www.hyfinity.com/formmaker">
				<container class="groupLabelBackground" options="static" style="">
					<content_alignment distribution="vertical" />
				</container>
			</label>
			<style class="" options="static" style="" xmlns="http://www.hyfinity.com/formmaker" />
			<fm:content_alignment distribution="vertical" halign="center" valign="middle" />
			<fm:sizing height="fit_to_content" width="fully_expand" />
			<palette_ref control="Layout Group" xmlns="http://www.hyfinity.com/formmaker" />
			<fm:element disable="false" disable_method="disabled" generate="true" hide="false" name="GENERATE_PDF">
				<field xmlns="http://www.hyfinity.com/formmaker">
					<input caption="Generate PDF" options="static">htmlButton</input>
					<style class="defaultBackground buttonControl" options="static" style="" />
					<element_style class="button" options="static" style="width : 200px;" />
					<date_picker class="" content="" required="false" type="normal" />
					<label class="label" options="static" required="false" style="" type="static" value="Button Label">
						<container class="labelBackground labelControl" options="static" style="" />
					</label>
					<container />
				</field>
				<constraints validate="false" xmlns="http://www.hyfinity.com/formmaker">
					<type>string</type>
					<required>false</required>
					<enumeration use_for_output="false" />
				</constraints>
				<error xmlns="http://www.hyfinity.com/formmaker">
					<hint class="hintIcon" style="" use="false">Enter a hint here.</hint>
					<server class="errorIcon" retain="false" style="" use="false" />
				</error>
				<palette_ref control="Button (Standard)" xmlns="http://www.hyfinity.com/formmaker" />
				<events xmlns="http://www.hyfinity.com/formmaker">
					<event id="onclick">
						<condition>
							<check id="custom_condition">
								<param name="Script" option="Script" value="generatePDFCLick();" />
							</check>
							<pass>
								<action id="AjaxSubmission">
									<param name="Action" option="Action" value="updateSearchResult" />
									<param name="SourceGroup" option="AllFormData" />
									<param name="TargetGroup" option="PageGroup" value="partial_page_container_group2" />
									<param name="Validate" option="Static" value="false" />
								</action>
							</pass>
							<fail />
						</condition>
					</event>
				</events>
				<accessibility xmlns="http://www.hyfinity.com/formmaker">
					<tab_index>300</tab_index>
				</accessibility>
			</fm:element>
			<fm:element disable="false" disable_method="read_only" generate="true" hide="false" name="seachCount">
				<field xmlns="http://www.hyfinity.com/formmaker">
					<input options="dynamic">hidden</input>
					<style class="hide" options="static" style="" />
					<element_style class="hide" options="static" style="" />
					<disabled_style class="disabled" options="static" style="" />
					<label class="hide" options="static" required="false" style="" type="static" value="Hidden Label">
						<container class="hide" options="static" style="" />
					</label>
					<date_picker class="" content="" popup="false" required="false" type="normal" />
				</field>
				<constraints validate="false" xmlns="http://www.hyfinity.com/formmaker">
					<type>string</type>
					<required>false</required>
					<enumeration use_for_output="false" />
				</constraints>
				<error create_container="false" xmlns="http://www.hyfinity.com/formmaker">
					<hint class="hintIcon" style="" use="false">Enter a hint here.</hint>
					<server class="errorIcon" retain="false" style="" use="false" />
				</error>
				<palette_ref control="Hidden" xmlns="http://www.hyfinity.com/formmaker" />
			</fm:element>
			<fm:element disable="false" disable_method="read_only" generate="true" hide="false" name="h_search_id">
				<field xmlns="http://www.hyfinity.com/formmaker">
					<input options="dynamic">hidden</input>
					<style class="hide" options="static" style="" />
					<element_style class="hide" options="static" style="" />
					<date_picker class="" content="" required="false" type="normal" />
					<label class="hide" options="static" required="false" style="" type="static" value="Hidden Label">
						<container class="hide" options="static" style="" />
					</label>
					<container />
				</field>
				<constraints validate="false" xmlns="http://www.hyfinity.com/formmaker">
					<type>string</type>
					<required>false</required>
					<enumeration use_for_output="false" />
				</constraints>
				<error xmlns="http://www.hyfinity.com/formmaker">
					<hint class="hintIcon" style="" use="false">Enter a hint here.</hint>
					<server class="errorIcon" retain="false" style="" use="false" />
				</error>
				<palette_ref control="Hidden" xmlns="http://www.hyfinity.com/formmaker" />
			</fm:element>
			<fm:group border_styling="false" compatability="false" conditional_display="false" control_field="" control_field_value="" fieldset="false" gen_method="container" hide="false" name="partial_page_container_group2" submit_if_hidden="true">
				<label class="label" options="static" position="outside_group" position_override="top" required="false" style="" type="static" value="Partial Page Group" xmlns="http://www.hyfinity.com/formmaker">
					<container class="groupLabelBackground" options="static" style="">
						<content_alignment distribution="vertical" halign="left" valign="middle" />
						<sizing height="custom" width="fully_expand" />
					</container>
				</label>
				<style class="partialPageContainer" options="static" style="" xmlns="http://www.hyfinity.com/formmaker" />
				<fm:content_alignment distribution="vertical" halign="left" valign="top" />
				<fm:sizing height="fit_to_content" width="fit_to_content" />
				<palette_ref control="Partial Page Group" xmlns="http://www.hyfinity.com/formmaker" />
			</fm:group>
		</fm:group>
	</fm:group>
</fm:structure>
