<?xml version="1.0" encoding="UTF-8"?>
<hy:rulebase cache="false" context="/" disable="true" forward_chain="false" return="/" xmlns="http://www.hyfinity.com/xstore" xmlns:hy="http://www.hyfinity.com/xengine" xmlns:mvc="http://www.hyfinity.com/mvc" xmlns:xg="http://www.hyfinity.com/xgate" xmlns:xs="http://www.w3.org/2001/XMLSchema">
	<hy:rule base="pattern" desc="Writes the page xsl information to be used for screen display" disable="false" id="write_targetPage_NewForm_rule" priority="50">
		<hy:head>
			<hy:result disable="false" id="write_data">
				<hy:operator>Write</hy:operator>
				<hy:target action="write" name="factbase" update="append">
					<hy:params>
						<hy:param name="value" type="java.lang.String">NewForm.xsl</hy:param>
						<hy:param name="to_location" type="com.hyfinity.xpath.XPath">/mvc:eForm/mvc:Control/mvc:Page</hy:param>
					</hy:params>
				</hy:target>
			</hy:result>
		</hy:head>
		<hy:body>
			<hy:clause id="check_data" multiple="false">
				<hy:operator>Read</hy:operator>
				<hy:target action="eval" name="factbase">
					<hy:params>
						<hy:param name="xpath_expression" type="com.hyfinity.xpath.XPath">/</hy:param>
					</hy:params>
				</hy:target>
			</hy:clause>
		</hy:body>
	</hy:rule>
	<hy:rule base="custom" desc="" disable="true" id="getHRSpecialist" priority="30">
		<hy:head>
			<hy:result disable="false" id="getHRSpecialist">
				<hy:operator>SQL</hy:operator>
				<hy:target action="Query" name="mvc-determine_staffing-workflowdb-Database" update="append">
					<hy:params>
						<hy:param name="sql_statement" type="java.lang.String">SELECT G.NAME AS GROUPNAME, M.MEMBERID ,M.NAME 
  FROM BIZFLOW.USRGRPPRTCP UGP
  JOIN BIZFLOW.MEMBER M ON UGP.PRTCP = M.MEMBERID
  JOIN BIZFLOW.MEMBER G ON UGP.USRGRPID = G.MEMBERID
 WHERE ugp.usrgrphid = (SELECT MEMBERID FROM BIZFLOW.MEMBER WHERE TYPE = 'H' AND NAME = 'WHRSC')</hy:param>
						<hy:param name="to_location" type="com.hyfinity.xpath.XPath">/mvc:eForm/mvc:Data</hy:param>
					</hy:params>
				</hy:target>
			</hy:result>
			<hy:result disable="false" id="renameParticipants">
				<hy:operator>Rename</hy:operator>
				<hy:target action="rename" name="factbase" update="">
					<hy:params>
						<hy:param name="location" type="com.hyfinity.xpath.XPath">/mvc:eForm/mvc:Data/sql_result[last()]/statement</hy:param>
						<hy:param name="new_name" type="java.lang.String">HRSPECIALIST</hy:param>
						<hy:param name="new_namespace" type="java.lang.String" />
					</hy:params>
				</hy:target>
			</hy:result>
			<hy:result disable="false" id="move">
				<hy:operator>Move</hy:operator>
				<hy:target action="add" name="factbase" update="correct_replace">
					<hy:params>
						<hy:param name="from_location" type="com.hyfinity.xpath.XPath">/mvc:eForm/mvc:Data/sql_result[last()]/HRSPECIALIST</hy:param>
						<hy:param name="to_location" type="com.hyfinity.xpath.XPath">/mvc:eForm/mvc:Data/sql_result[last()]</hy:param>
					</hy:params>
				</hy:target>
			</hy:result>
		</hy:head>
		<hy:body />
	</hy:rule>
	<hy:rule base="custom" desc="" disable="false" id="prepare_form_data_element" priority="10">
		<hy:head>
			<hy:result disable="false" id="Add_form_data_element">
				<hy:operator>Parse</hy:operator>
				<hy:target action="add" name="factbase" update="append">
					<hy:params>
						<hy:param name="fragment" type="org.w3c.dom.Node">
							<FORM_DATA xmlns="">
								<DOCUMENT />
							</FORM_DATA>
						</hy:param>
						<hy:param name="to_location" type="com.hyfinity.xpath.XPath">/mvc:eForm/mvc:Data</hy:param>
					</hy:params>
				</hy:target>
			</hy:result>
		</hy:head>
		<hy:body>
			<hy:clause id="check_form_data_element" multiple="false">
				<hy:operator>Read</hy:operator>
				<hy:target action="eval" name="factbase">
					<hy:params>
						<hy:param name="xpath_expression" type="com.hyfinity.xpath.XPath">not(/mvc:eForm/mvc:Data/FORM_DATA)</hy:param>
					</hy:params>
				</hy:target>
			</hy:clause>
		</hy:body>
	</hy:rule>
	<hy:rule base="custom" desc="" disable="false" id="retrieve_form_data" priority="20">
		<hy:head>
			<hy:result disable="false" id="get_form_data_from_db">
				<hy:operator>SQL</hy:operator>
				<hy:target action="Query" name="mvc-determine_staffing-workflowdb-Database" update="append">
					<hy:params>
						<hy:param name="sql_statement" type="java.lang.String">select m.JOB_OPENING_ID,m.DATE_JOB_OPENING_APPROVED,m.TRANSACTION_ID,m.DATE_RECEIVED,m.ACTION_TYPE,m.ADMIN_CODE,m.ORG_INITS,m.INSTITUTE,m.GLOBAL_RECRUITMENT,m.HR_SPECIALIST,m.HR_SPECIALIST_ID,m.PROPOSED_EFF_DATE,m.INTERNAL_COMMENTS,p.POSITION_TITLE,p.PAY_PLAN,p.SERIES,p.GRADE,m.CAN_NO
from HHS_WHRSC_HR.MAIN m, HHS_WHRSC_HR.NEW_POSITION p
where p.TRANSACTION_ID = m.TRANSACTION_ID
AND m.TRANSACTION_ID = $procid</hy:param>
						<hy:param name="to_location" type="com.hyfinity.xpath.XPath">/mvc:eForm/mvc:Data/FORM_DATA/DOCUMENT</hy:param>
						<hy:param name="$procid" type="int">/mvc:eForm/mvc:Data/WorkitemContext/Process/ID</hy:param>
					</hy:params>
				</hy:target>
			</hy:result>
			<hy:result disable="false" id="rename_formdata_result">
				<hy:operator>Rename</hy:operator>
				<hy:target action="rename" name="factbase" update="">
					<hy:params>
						<hy:param name="location" type="com.hyfinity.xpath.XPath">/mvc:eForm/mvc:Data/FORM_DATA/DOCUMENT/sql_result[last()]/statement/record</hy:param>
						<hy:param name="new_name" type="java.lang.String">DETERMINE</hy:param>
						<hy:param name="new_namespace" type="java.lang.String" />
					</hy:params>
				</hy:target>
			</hy:result>
			<hy:result disable="false" id="move_form_data_document">
				<hy:operator>Move</hy:operator>
				<hy:target action="add" name="factbase" update="correct_replace">
					<hy:params>
						<hy:param name="from_location" type="com.hyfinity.xpath.XPath">/mvc:eForm/mvc:Data/FORM_DATA/DOCUMENT/sql_result[last()]/statement/DETERMINE</hy:param>
						<hy:param name="to_location" type="com.hyfinity.xpath.XPath">/mvc:eForm/mvc:Data/FORM_DATA/DOCUMENT/sql_result[last()]</hy:param>
					</hy:params>
				</hy:target>
			</hy:result>
			<hy:result disable="true" id="convert_formdata_string">
				<hy:operator>XMLStringConverter</hy:operator>
				<hy:target action="update" name="factbase" update="">
					<hy:params>
						<hy:param name="location" type="com.hyfinity.xpath.XPath">/mvc:eForm/mvc:Data/FORM_DATA/FIELD_DATA_CLOB</hy:param>
						<hy:param name="mode" type="java.lang.String">string_to_xml</hy:param>
					</hy:params>
				</hy:target>
			</hy:result>
			<hy:result disable="true" id="move_formxml">
				<hy:operator>Move</hy:operator>
				<hy:target action="add" name="factbase" update="replace">
					<hy:params>
						<hy:param name="from_location" type="com.hyfinity.xpath.XPath">/mvc:eForm/mvc:Data/FORM_DATA/FIELD_DATA_CLOB/DOCUMENT</hy:param>
						<hy:param name="to_location" type="com.hyfinity.xpath.XPath">/mvc:eForm/mvc:Data/FORM_DATA/FIELD_DATA_CLOB</hy:param>
					</hy:params>
				</hy:target>
			</hy:result>
			<hy:result disable="true" id="Cache_form_data">
				<hy:operator>Cache</hy:operator>
				<hy:target action="cache" name="cache" update="">
					<hy:params>
						<hy:param name="location" type="com.hyfinity.xpath.XPath">/mvc:eForm/mvc:Data/FORM_DATA</hy:param>
						<hy:param name="cache_id" type="java.lang.String">whrsc_form_data</hy:param>
						<hy:param name="scope" type="java.lang.String">session</hy:param>
					</hy:params>
				</hy:target>
			</hy:result>
		</hy:head>
		<hy:body />
	</hy:rule>
	<hy:rule base="custom" desc="" disable="true" id="getUserLookup" priority="40">
		<hy:head>
			<hy:result disable="false" id="getUserLookup">
				<hy:operator>SQL</hy:operator>
				<hy:target action="Query" name="mvc-determine_staffing-workflowdb-Database" update="append">
					<hy:params>
						<hy:param name="sql_statement" type="java.lang.String">select m.MEMBERID,m.NAME from bizflow.USRGRPPRTCP u, bizflow.member m
where m.memberid = u.prtcp 
and usrgrpid in (select memberid from PARENTMEMBER where memberpath = $branch)</hy:param>
						<hy:param name="to_location" type="com.hyfinity.xpath.XPath">/mvc:eForm/mvc:Data</hy:param>
						<hy:param name="$branch" type="string">/mvc:eForm/mvc:Data/WorkitemContext/Process/ProcessVariables/branch</hy:param>
					</hy:params>
				</hy:target>
			</hy:result>
			<hy:result disable="false" id="renameParticipants">
				<hy:operator>Rename</hy:operator>
				<hy:target action="rename" name="factbase" update="">
					<hy:params>
						<hy:param name="location" type="com.hyfinity.xpath.XPath">/mvc:eForm/mvc:Data/sql_result[last()]/statement</hy:param>
						<hy:param name="new_name" type="java.lang.String">HRSPECIALIST</hy:param>
						<hy:param name="new_namespace" type="java.lang.String" />
					</hy:params>
				</hy:target>
			</hy:result>
			<hy:result disable="false" id="move">
				<hy:operator>Move</hy:operator>
				<hy:target action="add" name="factbase" update="correct_replace">
					<hy:params>
						<hy:param name="from_location" type="com.hyfinity.xpath.XPath">/mvc:eForm/mvc:Data/sql_result[last()]/HRSPECIALIST</hy:param>
						<hy:param name="to_location" type="com.hyfinity.xpath.XPath">/mvc:eForm/mvc:Data/sql_result[last()]</hy:param>
					</hy:params>
				</hy:target>
			</hy:result>
		</hy:head>
		<hy:body />
	</hy:rule>
</hy:rulebase>
