<?xml version="1.0" encoding="UTF-8"?>
<hy:rulebase cache="false" context="/" disable="true" forward_chain="false" return="/" xmlns="http://www.hyfinity.com/xstore" xmlns:hy="http://www.hyfinity.com/xengine" xmlns:mvc="http://www.hyfinity.com/mvc" xmlns:ns1="http://www.handysoft.com/bizflow" xmlns:ns2="http://schemas.xmlsoap.org/soap/envelope/" xmlns:xg="http://www.hyfinity.com/xgate" xmlns:xs="http://www.w3.org/2001/XMLSchema">
	<hy:rule base="custom" desc="" disable="false" id="update_candidate" priority="10">
		<hy:head>
			<hy:result disable="false" id="save_to_db">
				<hy:operator>SQL</hy:operator>
				<hy:target action="Query" name="mvc-listmanager_managecandidate-workflowdb-Database" update="append">
					<hy:params>
						<hy:param name="sql_statement" type="java.lang.String">UPDATE HHS_HR.CANDIDATE SET ADDRESS_LINE1 =$ADDRESS_LINE1,ADDRESS_LINE2 = $ADDRESS_LINE2
,ADDRESS_CITY = $ADDRESS_CITY,ADDRESS_STATE =$ADDRESS_STATE,ADDRESS_ZIP = $ADDRESS_ZIP
,PHONE_NUMBER = $PHONE_NUMBER,EMAIL_ADDRESS = $EMAIL_ADDRESS
,COMMENTS =$COMMENTS,LAST_UPDATED_BY =$LAST_UPDATED_BY,CREATION_DATE = sysdate
WHERE PROCID = $PROCID

</hy:param>
						<hy:param name="to_location" type="com.hyfinity.xpath.XPath">/mvc:eForm/mvc:Data</hy:param>
						<hy:param name="$ADDRESS_LINE1" type="string">/mvc:eForm/mvc:Data/FORM_DATA/DOCUMENT/ADDRESS_LINE1</hy:param>
						<hy:param name="$ADDRESS_LINE2" type="string">/mvc:eForm/mvc:Data/FORM_DATA/DOCUMENT/ADDRESS_LINE2</hy:param>
						<hy:param name="$ADDRESS_CITY" type="string">/mvc:eForm/mvc:Data/FORM_DATA/DOCUMENT/ADDRESS_CITY</hy:param>
						<hy:param name="$ADDRESS_STATE" type="string">/mvc:eForm/mvc:Data/FORM_DATA/DOCUMENT/ADDRESS_STATE</hy:param>
						<hy:param name="$ADDRESS_ZIP" type="string">/mvc:eForm/mvc:Data/FORM_DATA/DOCUMENT/ADDRESS_ZIP</hy:param>
						<hy:param name="$PHONE_NUMBER" type="string">/mvc:eForm/mvc:Data/FORM_DATA/DOCUMENT/PHONE_NUMBER</hy:param>
						<hy:param name="$EMAIL_ADDRESS" type="string">/mvc:eForm/mvc:Data/FORM_DATA/DOCUMENT/EMAIL_ADDRESS</hy:param>
						<hy:param name="$COMMENTS" type="string">/mvc:eForm/mvc:Data/FORM_DATA/DOCUMENT/COMMENTS</hy:param>
						<hy:param name="$LAST_UPDATED_BY" type="string">/mvc:eForm/mvc:Data/WorkitemContext/User/MemberID</hy:param>
						<hy:param name="$PROCID" type="int">/mvc:eForm/mvc:Data/WorkitemContext/Process/ID</hy:param>
					</hy:params>
				</hy:target>
			</hy:result>
		</hy:head>
		<hy:body />
	</hy:rule>
	<hy:rule base="custom" desc="" disable="false" id="delete_attachment" priority="18">
		<hy:head>
			<hy:result disable="false" id="delete_attachment">
				<hy:operator>SQL</hy:operator>
				<hy:target action="Query" name="mvc-listmanager_managecandidate-workflowdb-Database" update="append">
					<hy:params>
						<hy:param name="sql_statement" type="java.lang.String">DELETE HHS_HR.ATTACHMENT 
WHERE PROCID = $PROCID</hy:param>
						<hy:param name="to_location" type="com.hyfinity.xpath.XPath">/mvc:eForm/mvc:Data</hy:param>
						<hy:param name="$PROCID" type="int">/mvc:eForm/mvc:Data/WorkitemContext/Process/ID</hy:param>
					</hy:params>
				</hy:target>
			</hy:result>
		</hy:head>
		<hy:body />
	</hy:rule>
	<hy:rule base="custom" desc="" disable="false" id="update_attach" priority="30">
		<hy:head>
			<hy:result disable="false" id="save_to_db">
				<hy:operator>SQL</hy:operator>
				<hy:target action="Query" name="mvc-listmanager_managecandidate-workflowdb-Database" update="append">
					<hy:params>
						<hy:param name="sql_statement" type="java.lang.String">INSERT INTO HHS_HR.ATTACHMENT(DOCUMENT_NAME,CANDIDATE_ID,CREATED_BY,CREATION_DATE,PROCID,ATTACHSEQ)
VALUES($DOCUMENT_NAME,$CANDIDATE_ID,$CREATED_BY,sysdate,$PROCID,$ATTACHSEQ)
</hy:param>
						<hy:param name="to_location" type="com.hyfinity.xpath.XPath">/mvc:eForm/mvc:Data</hy:param>
						<hy:param name="$DOCUMENT_NAME" type="string">FILENAME</hy:param>
						<hy:param name="$CANDIDATE_ID" type="string">CANDIDATE_ID</hy:param>
						<hy:param name="$CREATED_BY" type="string">CREATOR</hy:param>
						<hy:param name="$PROCID" type="int">PROCID</hy:param>
						<hy:param name="$ATTACHSEQ" type="int">ATTACHSEQ</hy:param>
					</hy:params>
				</hy:target>
			</hy:result>
		</hy:head>
		<hy:body>
			<hy:clause id="check" multiple="true">
				<hy:operator>Read</hy:operator>
				<hy:target action="eval" name="factbase">
					<hy:params>
						<hy:param name="xpath_expression" type="com.hyfinity.xpath.XPath">/mvc:eForm/mvc:Data/ATTACH_LIST/record</hy:param>
					</hy:params>
				</hy:target>
			</hy:clause>
		</hy:body>
	</hy:rule>
	<hy:rule base="modified" desc="Writes the page xsl information to be used for screen display" disable="false" id="write_targetPage_CandidateUpdateForm_rule" priority="40">
		<hy:head>
			<hy:result disable="false" id="write_data">
				<hy:operator>Write</hy:operator>
				<hy:target action="write" name="factbase" update="append">
					<hy:params>
						<hy:param name="value" type="java.lang.String">CandidateUpdateForm.xsl</hy:param>
						<hy:param name="to_location" type="com.hyfinity.xpath.XPath">/mvc:eForm/mvc:Control/mvc:Page</hy:param>
					</hy:params>
				</hy:target>
			</hy:result>
		</hy:head>
		<hy:body>
			<hy:clause id="check_data" multiple="false">
				<hy:operator>Read</hy:operator>
				<hy:target action="eval" name="factbase">
					<hy:params>
						<hy:param name="xpath_expression" type="com.hyfinity.xpath.XPath">/</hy:param>
					</hy:params>
				</hy:target>
			</hy:clause>
		</hy:body>
	</hy:rule>
	<hy:rule base="custom" desc="" disable="false" id="select_attach" priority="25">
		<hy:head>
			<hy:result disable="false" id="get_attach">
				<hy:operator>SQL</hy:operator>
				<hy:target action="Query" name="mvc-listmanager_managecandidate-workflowdb-Database" update="append">
					<hy:params>
						<hy:param name="sql_statement" type="java.lang.String">SELECT a.procid,CANDIDATE_ID, ATTACHSEQ,CREATIONDTIME,CREATOR,CREATORNAME,FILENAME 
FROM BIZFLOW.ATTACH a, HHS_HR.CANDIDATE c
WHERE a.PROCID = c.PROCID
AND a.PROCID = $PROCID</hy:param>
						<hy:param name="to_location" type="com.hyfinity.xpath.XPath">/mvc:eForm/mvc:Data</hy:param>
						<hy:param name="$PROCID" type="int">/mvc:eForm/mvc:Data/WorkitemContext/Process/ID</hy:param>
					</hy:params>
				</hy:target>
			</hy:result>
			<hy:result disable="false" id="rename">
				<hy:operator>Rename</hy:operator>
				<hy:target action="rename" name="factbase" update="">
					<hy:params>
						<hy:param name="location" type="com.hyfinity.xpath.XPath">/mvc:eForm/mvc:Data/sql_result[last()]/statement</hy:param>
						<hy:param name="new_name" type="java.lang.String">ATTACH_LIST</hy:param>
						<hy:param name="new_namespace" type="java.lang.String" />
					</hy:params>
				</hy:target>
			</hy:result>
			<hy:result disable="false" id="move">
				<hy:operator>Move</hy:operator>
				<hy:target action="add" name="factbase" update="replace">
					<hy:params>
						<hy:param name="from_location" type="com.hyfinity.xpath.XPath">/mvc:eForm/mvc:Data/sql_result[last()]/ATTACH_LIST</hy:param>
						<hy:param name="to_location" type="com.hyfinity.xpath.XPath">/mvc:eForm/mvc:Data/sql_result[last()]</hy:param>
					</hy:params>
				</hy:target>
			</hy:result>
		</hy:head>
		<hy:body />
	</hy:rule>
</hy:rulebase>
