<?xml version="1.0" encoding="UTF-8"?>
<hy:rulebase cache="false" context="/" disable="true" forward_chain="false" return="/" xmlns:hy="http://www.hyfinity.com/xengine" xmlns:mvc="http://www.hyfinity.com/mvc" xmlns:ns1="http://www.handysoft.com/bizflow" xmlns:ns2="http://schemas.xmlsoap.org/soap/envelope/" xmlns:xg="http://www.hyfinity.com/xgate" xmlns:xs="http://www.w3.org/2001/XMLSchema">
	<hy:rule base="custom" desc="" disable="false" id="save_to_Eligibility" priority="10">
		<hy:head>
			<hy:result disable="false" id="save_to_db">
				<hy:operator>SQL</hy:operator>
				<hy:target action="Query" name="mvc-listmanager_managecandidate-workflowdb-Database" update="append">
					<hy:params>
						<hy:param name="sql_statement" type="java.lang.String">INSERT INTO HHS_HR.CANDIDATE_LIST (CANDIDATE_ID,LIST_ID,HR_NORTIFIED_ELIG_DT
,EMPL_NORTIFIED_ELIG_DT,LIST_ELIGIBILITY_START_DATE,LIST_ELIGIBILITY_END_DATE
,BASIS_FOR_ELIGIBILITY_CODE,ELIGIBILITY_END_REASON,ELIGIBILITY_OCC_SERIES
,ELIGIBILITY_GRADE,ADDRESS_LATITUDE,ADDRESS_LONGITUDE,CREATED_BY,CREATION_DATE)
VALUES((SELECT CANDIDATE_ID FROM HHS_HR.CANDIDATE WHERE PROCID =$PROCID),$LIST_ID,$HR_NORTIFIED_ELIG_DT
,$EMPL_NORTIFIED_ELIG_DT,$LIST_ELIGIBILITY_START_DATE,$LIST_ELIGIBILITY_END_DATE
,$BASIS_FOR_ELIGIBILITY_CODE,$ELIGIBILITY_END_REASON
,$ELIGIBILITY_OCC_SERIES,$ELIGIBILITY_GRADE,$ADDRESS_LATITUDE,$ADDRESS_LONGITUDE
,$CREATED_BY,sysdate)</hy:param>
						<hy:param name="to_location" type="com.hyfinity.xpath.XPath">/mvc:eForm/mvc:Data</hy:param>
						<hy:param name="$PROCID" type="int">/mvc:eForm/mvc:Data/WorkitemContext/Process/ID</hy:param>
						<hy:param name="$LIST_ID" type="string">/mvc:eForm/mvc:Data/mvc:formData/mvc:LIST_NAME</hy:param>
						<hy:param name="$HR_NORTIFIED_ELIG_DT" type="date">/mvc:eForm/mvc:Data/mvc:formData/mvc:HR_NORTIFIED_ELIG_DT</hy:param>
						<hy:param name="$EMPL_NORTIFIED_ELIG_DT" type="date">/mvc:eForm/mvc:Data/mvc:formData/mvc:EMPL_NORTIFIED_ELIG_DT</hy:param>
						<hy:param name="$LIST_ELIGIBILITY_START_DATE" type="date">/mvc:eForm/mvc:Data/mvc:formData/mvc:LIST_ELIGIBILITY_START_DATE</hy:param>
						<hy:param name="$CREATED_BY" type="string">/mvc:eForm/mvc:Data/WorkitemContext/Process/Initiator</hy:param>
						<hy:param name="$BASIS_FOR_ELIGIBILITY_CODE" type="string">/mvc:eForm/mvc:Data/mvc:formData/mvc:BASIS_FOR_ELIGIBILITY_CODE</hy:param>
						<hy:param name="$ELIGIBILITY_END_REASON" type="string">/mvc:eForm/mvc:Data/mvc:formData/mvc:ELIGIBILITY_END_REASON</hy:param>
						<hy:param name="$ELIGIBILITY_OCC_SERIES" type="string">/mvc:eForm/mvc:Data/mvc:formData/mvc:ELIGIBILITY_OCC_SERIES</hy:param>
						<hy:param name="$ELIGIBILITY_GRADE" type="string">/mvc:eForm/mvc:Data/mvc:formData/mvc:ELIGIBILITY_GRADE</hy:param>
						<hy:param name="$ADDRESS_LATITUDE" type="double">/mvc:eForm/mvc:Data/mvc:formData/mvc:ADDRESS_LATITUDE</hy:param>
						<hy:param name="$ADDRESS_LONGITUDE" type="double">/mvc:eForm/mvc:Data/mvc:formData/mvc:ADDRESS_LONGITUDE</hy:param>
						<hy:param name="$LIST_ELIGIBILITY_END_DATE" type="date">/mvc:eForm/mvc:Data/mvc:formData/mvc:LIST_ELIGIBILITY_END_DATE</hy:param>
					</hy:params>
				</hy:target>
			</hy:result>
		</hy:head>
		<hy:body>
			<hy:clause id="check" multiple="false">
				<hy:operator>Read</hy:operator>
				<hy:target action="eval" name="factbase">
					<hy:params>
						<hy:param name="xpath_expression" type="com.hyfinity.xpath.XPath">/mvc:eForm/mvc:Data/mvc:formData/mvc:LIST_NAME!= ''</hy:param>
					</hy:params>
				</hy:target>
			</hy:clause>
		</hy:body>
	</hy:rule>
	<hy:rule base="pattern" desc="Writes the page xsl information to be used for screen display" disable="false" id="write_targetPage_EligibilityForm_rule" priority="30">
		<hy:head>
			<hy:result disable="false" id="write_data">
				<hy:operator>Write</hy:operator>
				<hy:target action="write" name="factbase" update="append">
					<hy:params>
						<hy:param name="value" type="java.lang.String">EligibilityForm.xsl</hy:param>
						<hy:param name="to_location" type="com.hyfinity.xpath.XPath">/mvc:eForm/mvc:Control/mvc:Page</hy:param>
					</hy:params>
				</hy:target>
			</hy:result>
		</hy:head>
		<hy:body>
			<hy:clause id="check_data" multiple="false">
				<hy:operator>Read</hy:operator>
				<hy:target action="eval" name="factbase">
					<hy:params>
						<hy:param name="xpath_expression" type="com.hyfinity.xpath.XPath">/</hy:param>
					</hy:params>
				</hy:target>
			</hy:clause>
		</hy:body>
	</hy:rule>
	<hy:rule base="custom" desc="" disable="false" id="display_list_candidate" priority="10">
		<hy:head>
			<hy:result disable="false" id="save_to_db">
				<hy:operator>SQL</hy:operator>
				<hy:target action="Query" name="mvc-listmanager_managecandidate-workflowdb-Database" update="append">
					<hy:params>
						<hy:param name="sql_statement" type="java.lang.String">SELECT c.procid,l.LIST_TYPE,l.LIST_NAME,
to_char(cl.LIST_ELIGIBILITY_START_DATE, 'mm/dd/yyyy') as LIST_ELIGIBILITY_START_DATE,
to_char(cl.LIST_ELIGIBILITY_END_DATE, 'mm/dd/yyyy') as LIST_ELIGIBILITY_END_DATE
FROM HHS_HR.CANDIDATE_LIST cl, HHS_HR.LIST l, HHS_HR.CANDIDATE c
WHERE c.CANDIDATE_ID = cl.CANDIDATE_ID
AND cl.LIST_ID = l.LIST_ID
AND c.PROCID = $PROCID</hy:param>
						<hy:param name="to_location" type="com.hyfinity.xpath.XPath">/mvc:eForm/mvc:Data</hy:param>
						<hy:param name="$PROCID" type="int">/mvc:eForm/mvc:Data/WorkitemContext/Process/ID</hy:param>
					</hy:params>
				</hy:target>
			</hy:result>
			<hy:result disable="false" id="rename">
				<hy:operator>Rename</hy:operator>
				<hy:target action="rename" name="factbase" update="">
					<hy:params>
						<hy:param name="location" type="com.hyfinity.xpath.XPath">/mvc:eForm/mvc:Data/sql_result[last()]/statement</hy:param>
						<hy:param name="new_name" type="java.lang.String">CANDIDATE_LIST</hy:param>
						<hy:param name="new_namespace" type="java.lang.String" />
					</hy:params>
				</hy:target>
			</hy:result>
			<hy:result disable="false" id="move">
				<hy:operator>Move</hy:operator>
				<hy:target action="add" name="factbase" update="replace">
					<hy:params>
						<hy:param name="from_location" type="com.hyfinity.xpath.XPath">/mvc:eForm/mvc:Data/sql_result[last()]/CANDIDATE_LIST</hy:param>
						<hy:param name="to_location" type="com.hyfinity.xpath.XPath">/mvc:eForm/mvc:Data/sql_result[last()]</hy:param>
					</hy:params>
				</hy:target>
			</hy:result>
		</hy:head>
		<hy:body />
	</hy:rule>
</hy:rulebase>
