<?xml version="1.0" encoding="UTF-8"?>
<hy:rulebase cache="false" context="/" disable="true" forward_chain="false" return="/" xmlns="http://www.hyfinity.com/xstore" xmlns:hy="http://www.hyfinity.com/xengine" xmlns:mvc="http://www.hyfinity.com/mvc" xmlns:ns1="http://www.handysoft.com/bizflow" xmlns:ns2="http://schemas.xmlsoap.org/soap/envelope/" xmlns:xg="http://www.hyfinity.com/xgate" xmlns:xs="http://www.w3.org/2001/XMLSchema">
	<hy:rule base="pattern" desc="Writes the page xsl information to be used for screen display" disable="false" id="write_targetPage_EligibilityEditForm_rule" priority="70">
		<hy:head>
			<hy:result disable="false" id="write_data">
				<hy:operator>Write</hy:operator>
				<hy:target action="write" name="factbase" update="append">
					<hy:params>
						<hy:param name="value" type="java.lang.String">EligibilityEditForm.xsl</hy:param>
						<hy:param name="to_location" type="com.hyfinity.xpath.XPath">/mvc:eForm/mvc:Control/mvc:Page</hy:param>
					</hy:params>
				</hy:target>
			</hy:result>
		</hy:head>
		<hy:body>
			<hy:clause id="check_data" multiple="false">
				<hy:operator>Read</hy:operator>
				<hy:target action="eval" name="factbase">
					<hy:params>
						<hy:param name="xpath_expression" type="com.hyfinity.xpath.XPath">/</hy:param>
					</hy:params>
				</hy:target>
			</hy:clause>
		</hy:body>
	</hy:rule>
	<hy:rule base="custom" desc="" disable="false" id="display_assign_candidate" priority="40">
		<hy:head>
			<hy:result disable="false" id="select">
				<hy:operator>SQL</hy:operator>
				<hy:target action="Query" name="mvc-listmanager_managecandidate-workflowdb-Database" update="append">
					<hy:params>
						<hy:param name="sql_statement" type="java.lang.String">SELECT cl.CANDIDATE_ID,cl.LIST_ID,c.procid,l.LIST_TYPE,l.LIST_NAME,
to_char(cl.LIST_ELIGIBILITY_START_DATE, 'mm/dd/yyyy') as LIST_ELIGIBILITY_START_DATE,
to_char(cl.LIST_ELIGIBILITY_END_DATE, 'mm/dd/yyyy') as LIST_ELIGIBILITY_END_DATE
FROM HHS_HR.CANDIDATE_LIST cl, HHS_HR.LIST l, HHS_HR.CANDIDATE c
WHERE c.CANDIDATE_ID = cl.CANDIDATE_ID
AND cl.LIST_ID = l.LIST_ID
AND c.PROCID = $PROCID

</hy:param>
						<hy:param name="to_location" type="com.hyfinity.xpath.XPath">/mvc:eForm/mvc:Data</hy:param>
						<hy:param name="$PROCID" type="int">/mvc:eForm/mvc:Data/WorkitemContext/Process/ID</hy:param>
					</hy:params>
				</hy:target>
			</hy:result>
			<hy:result disable="false" id="rename">
				<hy:operator>Rename</hy:operator>
				<hy:target action="rename" name="factbase" update="">
					<hy:params>
						<hy:param name="location" type="com.hyfinity.xpath.XPath">/mvc:eForm/mvc:Data/sql_result[last()]/statement</hy:param>
						<hy:param name="new_name" type="java.lang.String">CANDIDATE_LIST</hy:param>
						<hy:param name="new_namespace" type="java.lang.String" />
					</hy:params>
				</hy:target>
			</hy:result>
			<hy:result disable="false" id="move">
				<hy:operator>Move</hy:operator>
				<hy:target action="add" name="factbase" update="replace">
					<hy:params>
						<hy:param name="from_location" type="com.hyfinity.xpath.XPath">/mvc:eForm/mvc:Data/sql_result[last()]/CANDIDATE_LIST</hy:param>
						<hy:param name="to_location" type="com.hyfinity.xpath.XPath">/mvc:eForm/mvc:Data/sql_result[last()]</hy:param>
					</hy:params>
				</hy:target>
			</hy:result>
		</hy:head>
		<hy:body />
	</hy:rule>
	<hy:rule base="custom" desc="" disable="false" id="display_edit_assign_candidate" priority="50">
		<hy:head>
			<hy:result disable="false" id="selecteeditassign">
				<hy:operator>SQL</hy:operator>
				<hy:target action="Query" name="mvc-listmanager_managecandidate-workflowdb-Database" update="append">
					<hy:params>
						<hy:param name="sql_statement" type="java.lang.String">SELECT cl.CANDIDATE_ID,cl.LIST_ID,c.procid,l.LIST_TYPE,l.LIST_NAME
,cl.LIST_ELIGIBILITY_START_DATE,cl.LIST_ELIGIBILITY_END_DATE
,cl.HR_NORTIFIED_ELIG_DT, cl.EMPL_NORTIFIED_ELIG_DT,cl.BASIS_FOR_ELIGIBILITY_CODE,cl.ELIGIBILITY_END_REASON
,cl.ELIGIBILITY_OCC_SERIES,cl.ELIGIBILITY_GRADE,cl.ADDRESS_LATITUDE,cl.ADDRESS_LONGITUDE
FROM HHS_HR.CANDIDATE_LIST cl, HHS_HR.LIST l, HHS_HR.CANDIDATE c
WHERE c.CANDIDATE_ID = cl.CANDIDATE_ID
AND cl.LIST_ID = l.LIST_ID
AND c.PROCID = $PROCID
AND cl.candidate_id = $CANDIDATE_ID
AND cl.list_id = $LIST_ID</hy:param>
						<hy:param name="to_location" type="com.hyfinity.xpath.XPath">/mvc:eForm/mvc:Data</hy:param>
						<hy:param name="$PROCID" type="int">/mvc:eForm/mvc:Data/WorkitemContext/Process/ID</hy:param>
						<hy:param name="$CANDIDATE_ID" type="double">/mvc:eForm/mvc:Data/mvc:formData/mvc:h_sel_candidate_id</hy:param>
						<hy:param name="$LIST_ID" type="double">/mvc:eForm/mvc:Data/mvc:formData/mvc:h_sel_list_id</hy:param>
					</hy:params>
				</hy:target>
			</hy:result>
			<hy:result disable="false" id="rename">
				<hy:operator>Rename</hy:operator>
				<hy:target action="rename" name="factbase" update="">
					<hy:params>
						<hy:param name="location" type="com.hyfinity.xpath.XPath">/mvc:eForm/mvc:Data/sql_result[last()]/statement</hy:param>
						<hy:param name="new_name" type="java.lang.String">ELIGIBILITY_LIST</hy:param>
						<hy:param name="new_namespace" type="java.lang.String" />
					</hy:params>
				</hy:target>
			</hy:result>
			<hy:result disable="false" id="move">
				<hy:operator>Move</hy:operator>
				<hy:target action="add" name="factbase" update="replace">
					<hy:params>
						<hy:param name="from_location" type="com.hyfinity.xpath.XPath">/mvc:eForm/mvc:Data/sql_result[last()]/ELIGIBILITY_LIST</hy:param>
						<hy:param name="to_location" type="com.hyfinity.xpath.XPath">/mvc:eForm/mvc:Data/sql_result[last()]</hy:param>
					</hy:params>
				</hy:target>
			</hy:result>
		</hy:head>
		<hy:body>
			<hy:clause id="checkcandidateid" multiple="false">
				<hy:operator>Read</hy:operator>
				<hy:target action="eval" name="factbase">
					<hy:params>
						<hy:param name="xpath_expression" type="com.hyfinity.xpath.XPath">/mvc:eForm/mvc:Data/mvc:formData/mvc:h_action ='Edit'</hy:param>
					</hy:params>
				</hy:target>
			</hy:clause>
		</hy:body>
	</hy:rule>
	<hy:rule base="custom" desc="" disable="false" id="read_listlookup_data_from_cache" priority="10">
		<hy:head>
			<hy:result disable="false" id="Read_form_data_cache">
				<hy:operator>Retrieve</hy:operator>
				<hy:target action="retireve" name="retireve" update="append">
					<hy:params>
						<hy:param name="cache_id" type="java.lang.String">listlookup_data</hy:param>
						<hy:param name="scope" type="java.lang.String">session</hy:param>
						<hy:param name="location" type="com.hyfinity.xpath.XPath">/mvc:eForm/mvc:Data</hy:param>
					</hy:params>
				</hy:target>
			</hy:result>
		</hy:head>
		<hy:body>
			<hy:clause id="not_exist_form_data" multiple="false">
				<hy:operator>Read</hy:operator>
				<hy:target action="eval" name="factbase">
					<hy:params>
						<hy:param name="xpath_expression" type="com.hyfinity.xpath.XPath">not(/mvc:eForm/mvc:Data/LIST_LOOKUP)</hy:param>
					</hy:params>
				</hy:target>
			</hy:clause>
		</hy:body>
	</hy:rule>
	<hy:rule base="custom" desc="" disable="false" id="read_ListManagerLookup_data_from_cache" priority="20">
		<hy:head>
			<hy:result disable="false" id="Read_form_data_cache">
				<hy:operator>Retrieve</hy:operator>
				<hy:target action="retireve" name="retireve" update="append">
					<hy:params>
						<hy:param name="cache_id" type="java.lang.String">listmanagerlookup_data</hy:param>
						<hy:param name="scope" type="java.lang.String">application</hy:param>
						<hy:param name="location" type="com.hyfinity.xpath.XPath">/mvc:eForm/mvc:Data</hy:param>
					</hy:params>
				</hy:target>
			</hy:result>
		</hy:head>
		<hy:body>
			<hy:clause id="not_exist_form_data" multiple="false">
				<hy:operator>Read</hy:operator>
				<hy:target action="eval" name="factbase">
					<hy:params>
						<hy:param name="xpath_expression" type="com.hyfinity.xpath.XPath">not(/mvc:eForm/mvc:Data/LISTMANAGERLOOKUP)</hy:param>
					</hy:params>
				</hy:target>
			</hy:clause>
		</hy:body>
	</hy:rule>
	<hy:rule base="custom" desc="" disable="false" id="read_serieslookup_data_from_cache" priority="30">
		<hy:head>
			<hy:result disable="false" id="Read_form_data_cache">
				<hy:operator>Retrieve</hy:operator>
				<hy:target action="retireve" name="retireve" update="append">
					<hy:params>
						<hy:param name="cache_id" type="java.lang.String">serieslookup_data</hy:param>
						<hy:param name="scope" type="java.lang.String">application</hy:param>
						<hy:param name="location" type="com.hyfinity.xpath.XPath">/mvc:eForm/mvc:Data</hy:param>
					</hy:params>
				</hy:target>
			</hy:result>
		</hy:head>
		<hy:body>
			<hy:clause id="not_exist_form_data" multiple="false">
				<hy:operator>Read</hy:operator>
				<hy:target action="eval" name="factbase">
					<hy:params>
						<hy:param name="xpath_expression" type="com.hyfinity.xpath.XPath">not(/mvc:eForm/mvc:Data/SERIESLOOKUP)</hy:param>
					</hy:params>
				</hy:target>
			</hy:clause>
		</hy:body>
	</hy:rule>
	<hy:rule base="custom" desc="" disable="false" id="update_to_Eligibility" priority="35">
		<hy:head>
			<hy:result disable="false" id="update_to_db">
				<hy:operator>SQL</hy:operator>
				<hy:target action="Query" name="mvc-listmanager_managecandidate-workflowdb-Database" update="append">
					<hy:params>
						<hy:param name="sql_statement" type="java.lang.String">UPDATE HHS_HR.CANDIDATE_LIST SET LIST_ELIGIBILITY_END_DATE = $LIST_ELIGIBILITY_END_DATE
,ELIGIBILITY_END_REASON = $ELIGIBILITY_END_REASON,ELIGIBILITY_OCC_SERIES= $ELIGIBILITY_OCC_SERIES
,ELIGIBILITY_GRADE = $ELIGIBILITY_GRADE, ADDRESS_LATITUDE = $ADDRESS_LATITUDE,ADDRESS_LONGITUDE = $ADDRESS_LONGITUDE
WHERE CANDIDATE_ID = $CANDIDATE_ID AND LIST_ID = $LIST_ID</hy:param>
						<hy:param name="to_location" type="com.hyfinity.xpath.XPath">/mvc:eForm/mvc:Data</hy:param>
						<hy:param name="$LIST_ELIGIBILITY_END_DATE" type="date">/mvc:eForm/mvc:Data/mvc:formData/mvc:Edit_LIST_ELIGIBILITY_END_DATE</hy:param>
						<hy:param name="$ELIGIBILITY_END_REASON" type="string">/mvc:eForm/mvc:Data/mvc:formData/mvc:Edit_ELIGIBILITY_END_REASON</hy:param>
						<hy:param name="$ELIGIBILITY_OCC_SERIES" type="string">/mvc:eForm/mvc:Data/mvc:formData/mvc:Edit_ELIGIBILITY_OCC_SERIES</hy:param>
						<hy:param name="$ELIGIBILITY_GRADE" type="string">/mvc:eForm/mvc:Data/mvc:formData/mvc:Edit_ELIGIBILITY_GRADE</hy:param>
						<hy:param name="$ADDRESS_LATITUDE" type="double">/mvc:eForm/mvc:Data/mvc:formData/mvc:Edit_ADDRESS_LATITUDE</hy:param>
						<hy:param name="$ADDRESS_LONGITUDE" type="double">/mvc:eForm/mvc:Data/mvc:formData/mvc:Edit_ADDRESS_LONGITUDE</hy:param>
						<hy:param name="$CANDIDATE_ID" type="double">/mvc:eForm/mvc:Data/mvc:formData/mvc:h_sel_candidate_id</hy:param>
						<hy:param name="$LIST_ID" type="double">/mvc:eForm/mvc:Data/mvc:formData/mvc:h_sel_list_id</hy:param>
					</hy:params>
				</hy:target>
			</hy:result>
		</hy:head>
		<hy:body>
			<hy:clause id="check" multiple="false">
				<hy:operator>Read</hy:operator>
				<hy:target action="eval" name="factbase">
					<hy:params>
						<hy:param name="xpath_expression" type="com.hyfinity.xpath.XPath">/mvc:eForm/mvc:Data/mvc:formData/mvc:h_action_btn = 'Update'</hy:param>
					</hy:params>
				</hy:target>
			</hy:clause>
		</hy:body>
	</hy:rule>
	<hy:rule base="custom" desc="" disable="false" id="insert_to_Eligibility" priority="35">
		<hy:head>
			<hy:result disable="false" id="save_to_db">
				<hy:operator>SQL</hy:operator>
				<hy:target action="Query" name="mvc-listmanager_managecandidate-workflowdb-Database" update="append">
					<hy:params>
						<hy:param name="sql_statement" type="java.lang.String">INSERT INTO HHS_HR.CANDIDATE_LIST (CANDIDATE_ID,LIST_ID,HR_NORTIFIED_ELIG_DT
,EMPL_NORTIFIED_ELIG_DT,LIST_ELIGIBILITY_START_DATE,LIST_ELIGIBILITY_END_DATE
,BASIS_FOR_ELIGIBILITY_CODE,ELIGIBILITY_END_REASON,ELIGIBILITY_OCC_SERIES
,ELIGIBILITY_GRADE,ADDRESS_LATITUDE,ADDRESS_LONGITUDE,CREATED_BY,CREATION_DATE)
VALUES((SELECT CANDIDATE_ID FROM HHS_HR.CANDIDATE WHERE PROCID =$PROCID),$LIST_ID,$HR_NORTIFIED_ELIG_DT
,$EMPL_NORTIFIED_ELIG_DT,$LIST_ELIGIBILITY_START_DATE,$LIST_ELIGIBILITY_END_DATE
,$BASIS_FOR_ELIGIBILITY_CODE,$ELIGIBILITY_END_REASON
,$ELIGIBILITY_OCC_SERIES,$ELIGIBILITY_GRADE,$ADDRESS_LATITUDE,$ADDRESS_LONGITUDE
,$CREATED_BY,sysdate)</hy:param>
						<hy:param name="to_location" type="com.hyfinity.xpath.XPath">/mvc:eForm/mvc:Data</hy:param>
						<hy:param name="$PROCID" type="int">/mvc:eForm/mvc:Data/WorkitemContext/Process/ID</hy:param>
						<hy:param name="$LIST_ID" type="string">/mvc:eForm/mvc:Data/mvc:formData/mvc:Edit_LIST_NAME</hy:param>
						<hy:param name="$HR_NORTIFIED_ELIG_DT" type="date">/mvc:eForm/mvc:Data/mvc:formData/mvc:Edit_HR_NORTIFIED_ELIG_DT</hy:param>
						<hy:param name="$EMPL_NORTIFIED_ELIG_DT" type="date">/mvc:eForm/mvc:Data/mvc:formData/mvc:Edit_EMPL_NORTIFIED_ELIG_DT</hy:param>
						<hy:param name="$LIST_ELIGIBILITY_START_DATE" type="date">/mvc:eForm/mvc:Data/mvc:formData/mvc:Edit_LIST_ELIGIBILITY_START_DATE</hy:param>
						<hy:param name="$LIST_ELIGIBILITY_END_DATE" type="date">/mvc:eForm/mvc:Data/mvc:formData/mvc:Edit_LIST_ELIGIBILITY_END_DATE</hy:param>
						<hy:param name="$BASIS_FOR_ELIGIBILITY_CODE" type="string">/mvc:eForm/mvc:Data/mvc:formData/mvc:Edit_BASIS_FOR_ELIGIBILITY_CODE</hy:param>
						<hy:param name="$ELIGIBILITY_END_REASON" type="string">/mvc:eForm/mvc:Data/mvc:formData/mvc:Edit_ELIGIBILITY_END_REASON</hy:param>
						<hy:param name="$ELIGIBILITY_OCC_SERIES" type="string">/mvc:eForm/mvc:Data/mvc:formData/mvc:Edit_ELIGIBILITY_OCC_SERIES</hy:param>
						<hy:param name="$ELIGIBILITY_GRADE" type="string">/mvc:eForm/mvc:Data/mvc:formData/mvc:Edit_ELIGIBILITY_GRADE</hy:param>
						<hy:param name="$ADDRESS_LATITUDE" type="double">/mvc:eForm/mvc:Data/mvc:formData/mvc:Edit_ADDRESS_LATITUDE</hy:param>
						<hy:param name="$ADDRESS_LONGITUDE" type="double">/mvc:eForm/mvc:Data/mvc:formData/mvc:Edit_ADDRESS_LONGITUDE</hy:param>
						<hy:param name="$CREATED_BY" type="string">/mvc:eForm/mvc:Data/WorkitemContext/Process/Initiator</hy:param>
					</hy:params>
				</hy:target>
			</hy:result>
		</hy:head>
		<hy:body>
			<hy:clause id="check" multiple="false">
				<hy:operator>Read</hy:operator>
				<hy:target action="eval" name="factbase">
					<hy:params>
						<hy:param name="xpath_expression" type="com.hyfinity.xpath.XPath">/mvc:eForm/mvc:Data/mvc:formData/mvc:h_action_btn = 'Insert'</hy:param>
					</hy:params>
				</hy:target>
			</hy:clause>
		</hy:body>
	</hy:rule>
</hy:rulebase>
