<?xml version="1.0" encoding="UTF-8"?>
<hy:rulebase cache="false" context="/" disable="true" forward_chain="false" return="/" xmlns="http://www.hyfinity.com/xstore" xmlns:hy="http://www.hyfinity.com/xengine" xmlns:mvc="http://www.hyfinity.com/mvc" xmlns:ns1="http://www.handysoft.com/bizflow" xmlns:ns2="http://schemas.xmlsoap.org/soap/envelope/" xmlns:ns3="http://DefaultNamespace" xmlns:ns4="http://www.hyfinity.com/xstore" xmlns:ns5="http://webservice.jo.wf.bf.hs.com" xmlns:xg="http://www.hyfinity.com/xgate" xmlns:xs="http://www.w3.org/2001/XMLSchema">
	<hy:rule base="pattern" desc="Writes the page xsl information to be used for screen display" disable="false" id="write_targetPage_UpdateList_rule" priority="30">
		<hy:head>
			<hy:result disable="false" id="write_data">
				<hy:operator>Write</hy:operator>
				<hy:target action="write" name="factbase" update="append">
					<hy:params>
						<hy:param name="value" type="java.lang.String">UpdateList.xsl</hy:param>
						<hy:param name="to_location" type="com.hyfinity.xpath.XPath">/mvc:eForm/mvc:Control/mvc:Page</hy:param>
					</hy:params>
				</hy:target>
			</hy:result>
		</hy:head>
		<hy:body>
			<hy:clause id="check_data" multiple="false">
				<hy:operator>Read</hy:operator>
				<hy:target action="eval" name="factbase">
					<hy:params>
						<hy:param name="xpath_expression" type="com.hyfinity.xpath.XPath">/</hy:param>
					</hy:params>
				</hy:target>
			</hy:clause>
		</hy:body>
	</hy:rule>
	<hy:rule base="custom" desc="" disable="false" id="update_list" priority="10">
		<hy:head>
			<hy:result disable="false" id="update">
				<hy:operator>SQL</hy:operator>
				<hy:target action="Query" name="mvc-listmanager_managelist-workflowdb-Database" update="append">
					<hy:params>
						<hy:param name="sql_statement" type="java.lang.String">UPDATE HHS_HR.LIST
SET 
	LIST_DESCRIPTION = $DESCRIPTION
	,LIST_EFF_START_DATE = $START_DATE
	,LIST_EFF_END_DATE = $END_DATE
	,ELIGIBILITY_DURATION_IN_DAYS = $DURATION_DAYS
	,LAST_UPDATED_BY = $CURRENT_USER
	,LAST_UPDATE_DATE = SYSDATE
WHERE LIST_ID = $LIST_ID</hy:param>
						<hy:param name="to_location" type="com.hyfinity.xpath.XPath">/mvc:eForm/mvc:Data</hy:param>
						<hy:param name="$DESCRIPTION" type="string">/mvc:eForm/mvc:Data/LIST_UPDATE/LIST_DESCRIPTION</hy:param>
						<hy:param name="$START_DATE" type="date">/mvc:eForm/mvc:Data/LIST_UPDATE/EFF_START_DATE</hy:param>
						<hy:param name="$END_DATE" type="date">/mvc:eForm/mvc:Data/LIST_UPDATE/EFF_END_DATE</hy:param>
						<hy:param name="$DURATION_DAYS" type="int">/mvc:eForm/mvc:Data/LIST_UPDATE/ELIGIBILITY_DURATION_DAYS</hy:param>
						<hy:param name="$CURRENT_USER" type="string">/mvc:eForm/mvc:Data/LIST_UPDATE/CURRENTUSERID</hy:param>
						<hy:param name="$LIST_ID" type="string">/mvc:eForm/mvc:Data/mvc:formData/mvc:h_listId</hy:param>
					</hy:params>
				</hy:target>
			</hy:result>
			<hy:result disable="false" id="addxml">
				<hy:operator>Parse</hy:operator>
				<hy:target action="add" name="factbase" update="append">
					<hy:params>
						<hy:param name="fragment" type="org.w3c.dom.Node">
							<completed xmlns="">yes</completed>
						</hy:param>
						<hy:param name="to_location" type="com.hyfinity.xpath.XPath">/mvc:eForm/mvc:Data</hy:param>
					</hy:params>
				</hy:target>
			</hy:result>
		</hy:head>
		<hy:body />
	</hy:rule>
</hy:rulebase>
