<?xml version="1.0" encoding="UTF-8"?>
<hy:rulebase cache="false" context="/" disable="true" forward_chain="false" return="/" xmlns="http://www.hyfinity.com/xstore" xmlns:hy="http://www.hyfinity.com/xengine" xmlns:mvc="http://www.hyfinity.com/mvc" xmlns:ns1="http://www.handysoft.com/bizflow" xmlns:ns2="http://schemas.xmlsoap.org/soap/envelope/" xmlns:xg="http://www.hyfinity.com/xgate">
	<hy:rule desc="Makes service call to relevant target_controller." disable="false" id="call_PrepareForm-Controller_from_NewFormDataReceiver-Controller_rule" priority="30" xmlns="http://www.hyfinity.com/xengine">
		<hy:head>
			<hy:result id="call_service">
				<hy:operator>Service</hy:operator>
				<hy:target action="Call" name="mvc-listmanager_searchlist-PrepareForm-Controller" update="append">
					<hy:params>
						<hy:param name="from_location" type="com.hyfinity.xpath.XPath">/</hy:param>
						<hy:param name="to_location" type="com.hyfinity.xpath.XPath">/</hy:param>
					</hy:params>
				</hy:target>
			</hy:result>
		</hy:head>
		<hy:body>
			<clause id="check_service_call" multiple="false">
				<operator>Read</operator>
				<target action="eval" name="factbase">
					<params>
						<param name="xpath_expression" type="com.hyfinity.xpath.XPath">/</param>
					</params>
				</target>
			</clause>
		</hy:body>
	</hy:rule>
</hy:rulebase>
