<?xml version="1.0" encoding="UTF-8"?>
<index desc="hsguser/mvc/BizFlow/L2_pattern_instance_pool_pool" name="hsguser/mvc/BizFlow/L2_pattern_instance_pool_pool" xmlns="http://www.hyfinity.com/xstore">
	<entry desc="" docname="GetWICDetails.xml" id="GetWICDetails" timestamp="" />
	<entry desc="" docname="SaveWICDetails.xml" id="SaveWICDetails" timestamp="" />
	<entry desc="" docname="LiaisonSearch.xml" id="LiaisonSearch" timestamp="" />
	<entry desc="" docname="SuperVisorSearch.xml" id="SuperVisorSearch" timestamp="" />
	<entry desc="" docname="OfficialSearch.xml" id="OfficialSearch" timestamp="" />
	<entry desc="" docname="Controller_1.xml" id="Controller_1" timestamp="" />
	<entry desc="" docname="UserEmail.xml" id="UserEmail" timestamp="" />
	<entry desc="" docname="EmpSearch.xml" id="EmpSearch" timestamp="" />
	<entry desc="" docname="SearchCert.xml" id="SearchCert" timestamp="" />
	<entry desc="" docname="AttachedCount.xml" id="AttachedCount" timestamp="" />
	<entry desc="" docname="SearchRDR.xml" id="SearchRDR" timestamp="" />
	<entry desc="" docname="ApproverLevel.xml" id="ApproverLevel" timestamp="" />
	<entry desc="" docname="AdminCodeSearch.xml" id="AdminCodeSearch" timestamp="" />
	<entry desc="" docname="RequestNumberSearch.xml" id="RequestNumberSearch" timestamp="" />
	<entry desc="" docname="RDRDelete.xml" id="RDRDelete" timestamp="" />
	<entry desc="" docname="SearchAllMember.xml" id="SearchAllMember" timestamp="" />
	<entry desc="" docname="HHSIDSearch.xml" id="HHSIDSearch" timestamp="" />
	<entry desc="" docname="GetAffiliation.xml" id="GetAffiliation" timestamp="" />
</index>
