<?xml version="1.0" encoding="UTF-8"?>
<hy:rulebase cache="false" context="/" disable="true" forward_chain="false" return="/" xmlns="http://www.hyfinity.com/xstore" xmlns:hy="http://www.hyfinity.com/xengine" xmlns:mvc="http://www.hyfinity.com/mvc" xmlns:xg="http://www.hyfinity.com/xgate">
	<hy:rule base="pattern" desc="Writes the page xsl information to be used for screen display" disable="false" id="write_targetPage_PartialPage_2_rule" priority="55">
		<hy:head>
			<hy:result disable="false" id="write_data">
				<hy:operator>Write</hy:operator>
				<hy:target action="write" name="factbase" update="append">
					<hy:params>
						<hy:param name="value" type="java.lang.String">PartialPage_2.xsl</hy:param>
						<hy:param name="to_location" type="com.hyfinity.xpath.XPath">/mvc:eForm/mvc:Control/mvc:Page</hy:param>
					</hy:params>
				</hy:target>
			</hy:result>
		</hy:head>
		<hy:body>
			<hy:clause id="check_data" multiple="false">
				<hy:operator>Read</hy:operator>
				<hy:target action="eval" name="factbase">
					<hy:params>
						<hy:param name="xpath_expression" type="com.hyfinity.xpath.XPath">/</hy:param>
					</hy:params>
				</hy:target>
			</hy:clause>
		</hy:body>
	</hy:rule>
	<hy:rule base="custom" desc="" disable="false" id="insert_security_info" priority="30">
		<hy:head>
			<hy:result disable="false" id="insert">
				<hy:operator>SQL</hy:operator>
				<hy:target action="Query" name="mvc-get_security_information-workflowdb-Database" update="append">
					<hy:params>
						<hy:param name="sql_statement" type="java.lang.String">INSERT INTO HHS_WHRSC_HR.INDUCTION_AUDIT
	(
    TRANSACTION_ID, REQUISITION_NUMBER, LAST_NAME, 
	FIRST_NAME, IDENTIFICATION_TYPE, DATE_SENT_TO_INDUCTION,
    HHSID, RESULT_CODE, RESULT_MESSAGE, FAILURE_DETAIL_MESSAGE
    )
VALUES
	(
    $transactionId, $requisitionNumber, $lastName, 
	$firstName, $idType, SYSDATE,
    $hhsId, $resultCode, $resultMessage, $failureDetailMessage
    )</hy:param>
						<hy:param name="to_location" type="com.hyfinity.xpath.XPath">/mvc:eForm/mvc:Data</hy:param>
						<hy:param name="$transactionId" type="string">/mvc:eForm/mvc:Data/mvc:formData/mvc:h_transaction_id</hy:param>
						<hy:param name="$requisitionNumber" type="string">/mvc:eForm/mvc:Data/mvc:formData/mvc:h_requisitionNumber</hy:param>
						<hy:param name="$lastName" type="string">/mvc:eForm/mvc:Data/mvc:formData/mvc:G_LAST_NAME</hy:param>
						<hy:param name="$firstName" type="string">/mvc:eForm/mvc:Data/mvc:formData/mvc:G_FIRST_NAME</hy:param>
						<hy:param name="$idType" type="string">/mvc:eForm/mvc:Data/mvc:formData/mvc:h_idType_selected</hy:param>
						<hy:param name="$hhsId" type="string">/mvc:eForm/mvc:Data/mvc:formData/mvc:h_hhsId</hy:param>
						<hy:param name="$resultCode" type="string">/mvc:eForm/mvc:Data/mvc:formData/mvc:h_resultCode</hy:param>
						<hy:param name="$resultMessage" type="string">/mvc:eForm/mvc:Data/mvc:formData/mvc:h_resultMessage</hy:param>
						<hy:param name="$failureDetailMessage" type="string">/mvc:eForm/mvc:Data/mvc:formData/mvc:h_failureDetailMessage</hy:param>
					</hy:params>
				</hy:target>
			</hy:result>
		</hy:head>
		<hy:body />
	</hy:rule>
</hy:rulebase>
