<?xml version="1.0" encoding="UTF-8"?>
<index desc="user 1 collection index file" id="collection_index" name="user1 collection index" xmlns="http://www.hyfinity.com/xstore">
	<entry desc="" docname="WHRSC/mvc/whrsc_appointment_transaction/xsd_pool" id="WHRSC/mvc/whrsc_appointment_transaction/xsd_pool" timestamp="" />
	<entry desc="" docname="WHRSC/mvc/whrsc_appointment_transaction/logicsheet_pool" id="WHRSC/mvc/whrsc_appointment_transaction/logicsheet_pool" timestamp="" />
	<entry desc="" docname="WHRSC/mvc/whrsc_appointment_transaction/message_pool" id="WHRSC/mvc/whrsc_appointment_transaction/message_pool" timestamp="" />
	<entry desc="" docname="WHRSC/mvc/whrsc_appointment_transaction/other_resources_pool" id="WHRSC/mvc/whrsc_appointment_transaction/other_resources_pool" timestamp="" />
	<entry desc="" docname="WHRSC/mvc/whrsc_appointment_transaction/application" id="WHRSC/mvc/whrsc_appointment_transaction/application" timestamp="" />
	<entry desc="" docname="WHRSC/mvc/whrsc_appointment_transaction/formStructure" id="WHRSC/mvc/whrsc_appointment_transaction/formStructure" timestamp="" />
	<entry desc="" docname="WHRSC/mvc/whrsc_appointment_transaction/hyfinityBindings" id="WHRSC/mvc/whrsc_appointment_transaction/hyfinityBindings" timestamp="" />
	<entry desc="" docname="WHRSC/mvc/whrsc_appointment_transaction/xsl_pool" id="WHRSC/mvc/whrsc_appointment_transaction/xsl_pool" timestamp="" />
	<entry desc="" docname="WHRSC/mvc/whrsc_appointment_transaction/genDefaults" id="WHRSC/mvc/whrsc_appointment_transaction/genDefaults" timestamp="" />
	<entry desc="" docname="WHRSC/mvc/whrsc_appointment_transaction/L1_pattern_pool" id="WHRSC/mvc/whrsc_appointment_transaction/L1_pattern_pool" timestamp="" />
	<entry desc="" docname="WHRSC/mvc/whrsc_appointment_transaction/L1_pattern_instance_pool" id="WHRSC/mvc/whrsc_appointment_transaction/L1_pattern_instance_pool" timestamp="" />
	<entry desc="" docname="WHRSC/mvc/whrsc_appointment_transaction/L2_pattern_pool" id="WHRSC/mvc/whrsc_appointment_transaction/L2_pattern_pool" timestamp="" />
	<entry desc="" docname="WHRSC/mvc/whrsc_appointment_transaction/L2_pattern_instance_pool" id="WHRSC/mvc/whrsc_appointment_transaction/L2_pattern_instance_pool" timestamp="" />
	<entry desc="" docname="WHRSC/mvc/whrsc_appointment_transaction/L3_pattern_pool" id="WHRSC/mvc/whrsc_appointment_transaction/L3_pattern_pool" timestamp="" />
	<entry desc="" docname="WHRSC/mvc/whrsc_appointment_transaction/L3_pattern_instance_pool" id="WHRSC/mvc/whrsc_appointment_transaction/L3_pattern_instance_pool" timestamp="" />
</index>
