<?xml version="1.0" encoding="UTF-8"?>
<eForm xmlns="http://www.hyfinity.com/mvc" xmlns:mvc="http://www.hyfinity.com/mvc">
	<Control>
		<action />
		<Page />
		<Controller />
	</Control>
	<Data>\
        <InductionRequest>
            <FirstName></FirstName>
            <LastName></LastName>
            <SSN></SSN>
            <ARN></ARN>
            <VisaNumber></VisaNumber>
            <ForeignIdNumber></ForeignIdNumber>
            <ForeignIdIssuingCountry></ForeignIdIssuingCountry>  
            <DOB></DOB>
            <OPDIV></OPDIV>
            <AffiliationCode></AffiliationCode>
        </InductionRequest>

		<formData>
			<edit />
		</formData>
	</Data>
</eForm>
