<?xml version="1.0"?>
<map>
    <item name="PD Number/Job Code">
        <key>#CS_PD_NUMBER_JOBCO</key>
        <value></value> <!-- Per Grade -->
    </item>
    <item name="Employing Office Location">
        <key>#PD_EMPLOYING_OFFICE</key>
        <value lookup="true">/FORM_DATA/DOCUMENT/GENERAL/PD_EMPLOYING_OFFICE</value>
    </item>
    <item name="Official Title of Position">
        <key>#CS_TITLE</key>
        <value>/FORM_DATA/DOCUMENT/GENERAL/CS_TITLE</value>
    </item>
    <item name="Pay Plan">
        <key>#CS_PAY_PLAN_ID</key>
        <value>/FORM_DATA/DOCUMENT/GENERAL/CS_PAY_PLAN_ID</value>
    </item>
    <item name="Occupational Series">
        <key>#CS_SR_ID</key>
        <value>/FORM_DATA/DOCUMENT/GENERAL/CS_SR_ID</value>
    </item>
    <item name="Grade">
        <key>#CS_GR_ID</key>
        <value>/FORM_DATA/DOCUMENT/GENERAL/CS_GR_ID</value> <!-- Per Grade -->
    </item>

    <item name="Full Performance Level (FPL)">
        <key>#CS_PERFORMANCE_LEVEL</key>
        <value>/FORM_DATA/DOCUMENT/GENERAL/CS_PERFORMANCE_LEVEL</value>
    </item>

    <item name="Organization Title of Position">
        <key>#PD_ORG_POS_TITLE</key>
        <value>/FORM_DATA/DOCUMENT/GENERAL/PD_ORG_POS_TITLE</value>
    </item>
    <item name="Subject to Identical Addition (IA)">
        <key>#PD_SUBJECT_IA</key>
        <value displayValues="Yes|No" whenValueIs="1">/FORM_DATA/DOCUMENT/GENERAL/PD_SUBJECT_IA</value>
    </item>
    <item name="Administrative Code">
        <key>#CS_AC_ID_LABEL</key>
        <value>/FORM_DATA/DOCUMENT/GENERAL/CS_AC_ID_DISP</value>
    </item>

    <item name="Component-wide">
        <key>#PD_SCOPE</key>
        <value displayValues="Component-wide|" whenValueIs="Yes">/FORM_DATA/DOCUMENT/GENERAL/PD_SCOPE</value>
    </item>
    <item name="Second sub-organization">
        <key>#PD_SUB_ORG_2_LABEL</key>
        <value>/FORM_DATA/DOCUMENT/GENERAL/PD_SUB_ORG_2_DSP</value>
    </item>
    <item name="Third sub-organization">
        <key>#PD_SUB_ORG_3_LABEL</key>
        <value>/FORM_DATA/DOCUMENT/GENERAL/PD_SUB_ORG_3_DSP</value>
    </item>
    <item name="Fourth sub-organization">
        <key>#PD_SUB_ORG_4_LABEL</key>
        <value>/FORM_DATA/DOCUMENT/GENERAL/PD_SUB_ORG_4_DSP</value>
    </item>
    <item name="Fifth sub-organization">
        <key>#PD_SUB_ORG_5_LABEL</key>
        <value>/FORM_DATA/DOCUMENT/GENERAL/PD_SUB_ORG_5_DSP</value>
    </item>
    <item name="Position is">
        <key>#CS_SUPERVISORY</key>
        <value lookup="true">/FORM_DATA/DOCUMENT/GENERAL/CS_SUPERVISORY</value>
    </item>

    <item name="Financial Statement Required">
        <key>#CS_FIN_STMT_REQ_ID</key>
        <value lookup="true">/FORM_DATA/DOCUMENT/CLASSIFICATION_CODE/CS_FIN_STMT_REQ_ID</value>
    </item>

    <item name="Acquisition Code">
        <key>#PD_ACQ_CODE</key>
        <value lookup="true" lookupField="name">/FORM_DATA/DOCUMENT/CLASSIFICATION_CODE/PD_ACQ_CODE</value>
    </item>

    <item name="Cyber Security Code">
        <key>#PD_CYB_SEC_CD</key>
        <value lookup="true" lookupField="name">/FORM_DATA/DOCUMENT/CLASSIFICATION_CODE/PD_CYB_SEC_CD</value>
    </item>

    <item name="Position Sensitivity">
        <key>#CS_SEC_ID</key>
        <value lookup="true">/FORM_DATA/DOCUMENT/CLASSIFICATION_CODE/CS_SEC_ID</value>
    </item>

    <item name="Fair Labor Standards Act">
        <key>#CS_FLSA_DETERM_ID</key>
        <value></value>             <!-- Per Grade -->
    </item>

    <item name="Competitive Level Code">
        <key>#PD_COMPET_LVL_CD</key>
        <value>/FORM_DATA/DOCUMENT/CLASSIFICATION_CODE/PD_COMPET_LVL_CD</value>
    </item>

    <item name="BUS Code">
        <key>#PD_BUS_CD</key>
        <value lookup="true" lookupField="name">/FORM_DATA/DOCUMENT/CLASSIFICATION_CODE/PD_BUS_CD</value>
    </item>

    <item name="Supervisory Certification">
        <key>#SO_NAME_TITLE</key>
        <value>/FORM_DATA/DOCUMENT/MAIN/SEL_OFC_NAME</value>
    </item>

    <item name="Incumbency only">
        <key>#PD_INCUMBENCY</key>
        <value displayValues="X|" whenValueIs="true">/FORM_DATA/DOCUMENT/GENERAL/POS_INFORMATION/PD_INCUMBENCY</value>
    </item>

    <item name="HR Certification">
        <key>#CLS_NAME_TITLE</key>
        <value>/FORM_DATA/DOCUMENT/MAIN/CLS_SPC_NAME</value>
    </item>

    <item name="Remarks">
        <key>#PD_REMARKS</key>
        <value>FORM_DATA/DOCUMENT/GENERAL/PD_REMARKS</value>
    </item>

</map>