<?xml version="1.0" encoding="UTF-8"?>
<index desc="user 1 collection index file" id="collection_index" name="user1 collection index" xmlns="http://www.hyfinity.com/xstore">
	<entry desc="" docname="WHRSC/mvc/whrsc_appointment_finalprocessing/xsd_pool" id="WHRSC/mvc/whrsc_appointment_finalprocessing/xsd_pool" timestamp="" />
	<entry desc="" docname="WHRSC/mvc/whrsc_appointment_finalprocessing/logicsheet_pool" id="WHRSC/mvc/whrsc_appointment_finalprocessing/logicsheet_pool" timestamp="" />
	<entry desc="" docname="WHRSC/mvc/whrsc_appointment_finalprocessing/message_pool" id="WHRSC/mvc/whrsc_appointment_finalprocessing/message_pool" timestamp="" />
	<entry desc="" docname="WHRSC/mvc/whrsc_appointment_finalprocessing/other_resources_pool" id="WHRSC/mvc/whrsc_appointment_finalprocessing/other_resources_pool" timestamp="" />
	<entry desc="" docname="WHRSC/mvc/whrsc_appointment_finalprocessing/application" id="WHRSC/mvc/whrsc_appointment_finalprocessing/application" timestamp="" />
	<entry desc="" docname="WHRSC/mvc/whrsc_appointment_finalprocessing/formStructure" id="WHRSC/mvc/whrsc_appointment_finalprocessing/formStructure" timestamp="" />
	<entry desc="" docname="WHRSC/mvc/whrsc_appointment_finalprocessing/hyfinityBindings" id="WHRSC/mvc/whrsc_appointment_finalprocessing/hyfinityBindings" timestamp="" />
	<entry desc="" docname="WHRSC/mvc/whrsc_appointment_finalprocessing/xsl_pool" id="WHRSC/mvc/whrsc_appointment_finalprocessing/xsl_pool" timestamp="" />
	<entry desc="" docname="WHRSC/mvc/whrsc_appointment_finalprocessing/genDefaults" id="WHRSC/mvc/whrsc_appointment_finalprocessing/genDefaults" timestamp="" />
	<entry desc="" docname="WHRSC/mvc/whrsc_appointment_finalprocessing/L1_pattern_pool" id="WHRSC/mvc/whrsc_appointment_finalprocessing/L1_pattern_pool" timestamp="" />
	<entry desc="" docname="WHRSC/mvc/whrsc_appointment_finalprocessing/L1_pattern_instance_pool" id="WHRSC/mvc/whrsc_appointment_finalprocessing/L1_pattern_instance_pool" timestamp="" />
	<entry desc="" docname="WHRSC/mvc/whrsc_appointment_finalprocessing/L2_pattern_pool" id="WHRSC/mvc/whrsc_appointment_finalprocessing/L2_pattern_pool" timestamp="" />
	<entry desc="" docname="WHRSC/mvc/whrsc_appointment_finalprocessing/L2_pattern_instance_pool" id="WHRSC/mvc/whrsc_appointment_finalprocessing/L2_pattern_instance_pool" timestamp="" />
	<entry desc="" docname="WHRSC/mvc/whrsc_appointment_finalprocessing/L3_pattern_pool" id="WHRSC/mvc/whrsc_appointment_finalprocessing/L3_pattern_pool" timestamp="" />
	<entry desc="" docname="WHRSC/mvc/whrsc_appointment_finalprocessing/L3_pattern_instance_pool" id="WHRSC/mvc/whrsc_appointment_finalprocessing/L3_pattern_instance_pool" timestamp="" />
</index>
