<?xml version="1.0" encoding="UTF-8"?>
<index desc="user 1 collection index file" id="collection_index" name="user1 collection index" xmlns="http://www.hyfinity.com/xstore">
	<entry desc="" docname="WHRSC/mvc/whrsc_common/xsd_pool" id="WHRSC/mvc/whrsc_common/xsd_pool" timestamp="" />
	<entry desc="" docname="WHRSC/mvc/whrsc_common/logicsheet_pool" id="WHRSC/mvc/whrsc_common/logicsheet_pool" timestamp="" />
	<entry desc="" docname="WHRSC/mvc/whrsc_common/message_pool" id="WHRSC/mvc/whrsc_common/message_pool" timestamp="" />
	<entry desc="" docname="WHRSC/mvc/whrsc_common/other_resources_pool" id="WHRSC/mvc/whrsc_common/other_resources_pool" timestamp="" />
	<entry desc="" docname="WHRSC/mvc/whrsc_common/application" id="WHRSC/mvc/whrsc_common/application" timestamp="" />
	<entry desc="" docname="WHRSC/mvc/whrsc_common/formStructure" id="WHRSC/mvc/whrsc_common/formStructure" timestamp="" />
	<entry desc="" docname="WHRSC/mvc/whrsc_common/hyfinityBindings" id="WHRSC/mvc/whrsc_common/hyfinityBindings" timestamp="" />
	<entry desc="" docname="WHRSC/mvc/whrsc_common/xsl_pool" id="WHRSC/mvc/whrsc_common/xsl_pool" timestamp="" />
	<entry desc="" docname="WHRSC/mvc/whrsc_common/genDefaults" id="WHRSC/mvc/whrsc_common/genDefaults" timestamp="" />
	<entry desc="" docname="WHRSC/mvc/whrsc_common/L1_pattern_pool" id="WHRSC/mvc/whrsc_common/L1_pattern_pool" timestamp="" />
	<entry desc="" docname="WHRSC/mvc/whrsc_common/L1_pattern_instance_pool" id="WHRSC/mvc/whrsc_common/L1_pattern_instance_pool" timestamp="" />
	<entry desc="" docname="WHRSC/mvc/whrsc_common/L2_pattern_pool" id="WHRSC/mvc/whrsc_common/L2_pattern_pool" timestamp="" />
	<entry desc="" docname="WHRSC/mvc/whrsc_common/L2_pattern_instance_pool" id="WHRSC/mvc/whrsc_common/L2_pattern_instance_pool" timestamp="" />
	<entry desc="" docname="WHRSC/mvc/whrsc_common/L3_pattern_pool" id="WHRSC/mvc/whrsc_common/L3_pattern_pool" timestamp="" />
	<entry desc="" docname="WHRSC/mvc/whrsc_common/L3_pattern_instance_pool" id="WHRSC/mvc/whrsc_common/L3_pattern_instance_pool" timestamp="" />
</index>
