<?xml version="1.0" encoding="UTF-8"?>
<application scale="0.6666666865348816" transx="0" transy="-7.898552147806513" xmlns="http://www.hyfinity.com/formmaker">
	<display_type>mvc</display_type>
	<defaults>
		<source_type>wsdl</source_type>
		<target_type />
		<skin>demo_skin.xsl</skin>
		<defaults_file>defaults.xml</defaults_file>
		<accessibility_level>Double-A</accessibility_level>
		<script_files>
			<script_file path="../whrsc_common/js/angularjs/bower_components/jquery/dist/jquery.min.js" />
			<script_file path="custom/js/jquery-ui-1.9.2.custom.min.js" />
			<script_file path="custom/js/blockUI.js" />
			<script_file path="custom/js/get_security.js" />
			<script_file path="../whrsc_common/custom/js/lookupManager.js" />
			<script_file path="../whrsc_common/custom/js/utility.js" />
		</script_files>
		<css_files>
			<css_file path="theme/bizflow_default/css/theme.css" />
			<css_file path="theme/bizflow_default/css/theme_ie8.css">
				<condition type="browser">IE,LE,8</condition>
			</css_file>
			<css_file path="theme/bizflow_default/css/print_completed.css">
				<condition type="media">print</condition>
			</css_file>
			<css_file path="theme/bizflow_default/css/theme_mobile.css">
				<condition type="media">only screen and (max-width: 1024px)</condition>
			</css_file>
			<css_file path="../whrsc_common/custom/css/common.css" />
			<css_file path="custom/css/rdrcommon.css" />
		</css_files>
		<preview>
			<location>${user-data-location}/WHRSC/mvc/get_security_information/webapp</location>
			<URL>${user-preview-url}/WHRSC/mvc/get_security_information/webapp</URL>
		</preview>
		<default_nodes>
			<view_painter_node>mvc-get_security_information-view-Page_Painter</view_painter_node>
		</default_nodes>
		<java_code>
			<location>C:\jprogramfiles\hyfinity\java\BizFlow</location>
			<package>com.example.jcontrollers</package>
		</java_code>
	</defaults>
	<pages>
		<page id="NewForm" type="normal" x="22" y="-67">
			<target_type>hyfinity_sxforms</target_type>
			<start_page>false</start_page>
			<css_override>false</css_override>
			<form_ref>NewForm</form_ref>
		</page>
		<page id="BizFlowEntry" type="normal" x="-71" y="-67">
			<target_type>hyfinity_sxforms</target_type>
			<start_page>true</start_page>
			<css_override>false</css_override>
			<form_ref>BizFlowEntry</form_ref>
		</page>
		<page id="PartialPage_1" type="subsection" x="145" y="25">
			<target_type>hyfinity_sxforms</target_type>
			<start_page>false</start_page>
			<css_override>false</css_override>
			<form_ref>PartialPage_1</form_ref>
		</page>
		<page id="PartialPage_2" type="subsection" x="132" y="-44">
			<target_type>hyfinity_sxforms</target_type>
			<start_page>false</start_page>
			<css_override>false</css_override>
			<form_ref>PartialPage_2</form_ref>
		</page>
	</pages>
	<handlers>
		<handler id="NewFormDataReceiver" implementation="xml" type="normal" x="22" y="-14">
			<node>mvc-get_security_information-NewFormDataReceiver-Controller</node>
		</handler>
		<handler id="PrepareForm" implementation="xml" type="normal" x="-28" y="-67">
			<node>mvc-get_security_information-PrepareForm-Controller</node>
		</handler>
		<handler id="PartialPage_1" implementation="xml" type="subsection" x="110" y="-29">
			<node>mvc-get_security_information-PartialPage_1-Controller</node>
		</handler>
		<handler id="PartialPage_2" implementation="xml" type="subsection" x="128" y="-52">
			<node>mvc-get_security_information-PartialPage_2-Controller</node>
		</handler>
	</handlers>
	<forms>
		<form id="BizFlowEntry">
			<data_to_form collection="WHRSC/mvc/get_security_information/message_pool" xstore="blueprints">to_BizFlowEntry_page.xml</data_to_form>
			<structure_generated>true</structure_generated>
		</form>
		<form id="NewForm">
			<data_to_form collection="WHRSC/mvc/get_security_information/message_pool" xstore="blueprints">to_NewForm_page.xml</data_to_form>
			<structure_generated>true</structure_generated>
		</form>
		<form id="PartialPage_1">
			<data_to_form collection="" xstore="" />
			<structure_generated>true</structure_generated>
		</form>
		<form id="PartialPage_2">
			<data_to_form collection="" xstore="" />
			<structure_generated>true</structure_generated>
		</form>
	</forms>
	<links>
		<link id="NewForm__NewFormDataReceiver__link_1">
			<source type="Page">NewForm</source>
			<target type="Handler">NewFormDataReceiver</target>
			<action>saveNewForm</action>
			<submission_method>form</submission_method>
			<data_from_form collection="WHRSC/mvc/get_security_information/message_pool" xstore="blueprints">calling_saveNewForm_action.xml</data_from_form>
			<instance_type>static</instance_type>
		</link>
		<link id="PrepareForm__NewForm__link_1">
			<source type="Handler">PrepareForm</source>
			<target type="Page">NewForm</target>
			<action>displayForm</action>
			<condition_xpath>/</condition_xpath>
		</link>
		<link id="BizFlowEntry__PrepareForm__link_1">
			<source type="Page">BizFlowEntry</source>
			<target type="Handler">PrepareForm</target>
			<action>bizflowEntry</action>
			<submission_method>form</submission_method>
			<data_from_form collection="WHRSC/mvc/get_security_information/message_pool" xstore="blueprints">calling_bizflowEntry_action.xml</data_from_form>
			<instance_type>none</instance_type>
		</link>
		<link id="NewFormDataReceiver__PrepareForm__link_1">
			<source type="Handler">NewFormDataReceiver</source>
			<target type="Handler">PrepareForm</target>
			<action>redisplayForm</action>
			<condition_xpath>/</condition_xpath>
		</link>
		<link id="NewForm__PartialPage_1__link_1">
			<source type="Page">NewForm</source>
			<target type="Page">PartialPage_1</target>
			<action>callInductionService</action>
			<submission_method>subsection</submission_method>
			<data_from_form collection="WHRSC/mvc/get_security_information/message_pool" xstore="blueprints">calling_callInductionService_action.xml</data_from_form>
			<instance_type>static</instance_type>
		</link>
		<link id="NewForm__PartialPage_2__link_1">
			<source type="Page">NewForm</source>
			<target type="Page">PartialPage_2</target>
			<action>insertToAudit</action>
			<submission_method>subsection</submission_method>
			<data_from_form collection="WHRSC/mvc/get_security_information/message_pool" xstore="blueprints">calling_insertToAudit_action.xml</data_from_form>
			<instance_type>static</instance_type>
		</link>
	</links>
</application>
