<?xml version="1.0" encoding="UTF-8"?>
<index desc="user 1 collection index file" id="collection_index" name="user1 collection index" xmlns="http://www.hyfinity.com/xstore">
	<entry desc="" docname="WHRSC/mvc/whrsc_recruitment_applicant/xsd_pool" id="WHRSC/mvc/whrsc_recruitment_applicant/xsd_pool" timestamp="" />
	<entry desc="" docname="WHRSC/mvc/whrsc_recruitment_applicant/logicsheet_pool" id="WHRSC/mvc/whrsc_recruitment_applicant/logicsheet_pool" timestamp="" />
	<entry desc="" docname="WHRSC/mvc/whrsc_recruitment_applicant/message_pool" id="WHRSC/mvc/whrsc_recruitment_applicant/message_pool" timestamp="" />
	<entry desc="" docname="WHRSC/mvc/whrsc_recruitment_applicant/other_resources_pool" id="WHRSC/mvc/whrsc_recruitment_applicant/other_resources_pool" timestamp="" />
	<entry desc="" docname="WHRSC/mvc/whrsc_recruitment_applicant/application" id="WHRSC/mvc/whrsc_recruitment_applicant/application" timestamp="" />
	<entry desc="" docname="WHRSC/mvc/whrsc_recruitment_applicant/formStructure" id="WHRSC/mvc/whrsc_recruitment_applicant/formStructure" timestamp="" />
	<entry desc="" docname="WHRSC/mvc/whrsc_recruitment_applicant/hyfinityBindings" id="WHRSC/mvc/whrsc_recruitment_applicant/hyfinityBindings" timestamp="" />
	<entry desc="" docname="WHRSC/mvc/whrsc_recruitment_applicant/xsl_pool" id="WHRSC/mvc/whrsc_recruitment_applicant/xsl_pool" timestamp="" />
	<entry desc="" docname="WHRSC/mvc/whrsc_recruitment_applicant/genDefaults" id="WHRSC/mvc/whrsc_recruitment_applicant/genDefaults" timestamp="" />
	<entry desc="" docname="WHRSC/mvc/whrsc_recruitment_applicant/L1_pattern_pool" id="WHRSC/mvc/whrsc_recruitment_applicant/L1_pattern_pool" timestamp="" />
	<entry desc="" docname="WHRSC/mvc/whrsc_recruitment_applicant/L1_pattern_instance_pool" id="WHRSC/mvc/whrsc_recruitment_applicant/L1_pattern_instance_pool" timestamp="" />
	<entry desc="" docname="WHRSC/mvc/whrsc_recruitment_applicant/L2_pattern_pool" id="WHRSC/mvc/whrsc_recruitment_applicant/L2_pattern_pool" timestamp="" />
	<entry desc="" docname="WHRSC/mvc/whrsc_recruitment_applicant/L2_pattern_instance_pool" id="WHRSC/mvc/whrsc_recruitment_applicant/L2_pattern_instance_pool" timestamp="" />
	<entry desc="" docname="WHRSC/mvc/whrsc_recruitment_applicant/L3_pattern_pool" id="WHRSC/mvc/whrsc_recruitment_applicant/L3_pattern_pool" timestamp="" />
	<entry desc="" docname="WHRSC/mvc/whrsc_recruitment_applicant/L3_pattern_instance_pool" id="WHRSC/mvc/whrsc_recruitment_applicant/L3_pattern_instance_pool" timestamp="" />
</index>
