<?xml version="1.0" encoding="UTF-8"?>
<index desc="hsguser/mvc/BizFlow/L3_pattern_instance_pool_pool" name="hsguser/mvc/BizFlow/L3_pattern_instance_pool_pool" xmlns="http://www.hyfinity.com/xstore">
	<entry desc="" docname="HWActivityService.xml" id="HWActivityService" timestamp="" />
	<entry desc="" docname="HWApplicationsService.xml" id="HWApplicationsService" timestamp="" />
	<entry desc="" docname="HWProcessService.xml" id="HWProcessService" timestamp="" />
	<entry desc="" docname="HWProcessDefinitionService.xml" id="HWProcessDefinitionService" timestamp="" />
	<entry desc="" docname="HWSessionService.xml" id="HWSessionService" timestamp="" />
	<entry desc="" docname="HWUserService.xml" id="HWUserService" timestamp="" />
	<entry desc="" docname="HWWorkitemService.xml" id="HWWorkitemService" timestamp="" />
	<entry desc="" docname="HWWorkitemDataService.xml" id="HWWorkitemDataService" timestamp="" />
	<entry desc="" docname="HWActivityService_Proxy.xml" id="HWActivityService_Proxy" timestamp="" />
	<entry desc="" docname="HWApplicationsService_Proxy.xml" id="HWApplicationsService_Proxy" timestamp="" />
	<entry desc="" docname="HWProcessService_Proxy.xml" id="HWProcessService_Proxy" timestamp="" />
	<entry desc="" docname="HWProcessDefinitionService_Proxy.xml" id="HWProcessDefinitionService_Proxy" timestamp="" />
	<entry desc="" docname="HWSessionService_Proxy.xml" id="HWSessionService_Proxy" timestamp="" />
	<entry desc="" docname="HWUserService_Proxy.xml" id="HWUserService_Proxy" timestamp="" />
	<entry desc="" docname="HWWorkitemService_Proxy.xml" id="HWWorkitemService_Proxy" timestamp="" />
	<entry desc="" docname="HWWorkitemDataService_Proxy.xml" id="HWWorkitemDataService_Proxy" timestamp="" />
	<entry desc="" docname="HHS_HRtest.xml" id="HHS_HRtest" timestamp="" />
	<entry desc="" docname="workflowdb.xml" id="workflowdb" timestamp="" />
</index>
