<?xml version="1.0" encoding="UTF-8"?>
<index desc="user 1 collection index file" id="collection_index" name="user1 collection index" xmlns="http://www.hyfinity.com/xstore">
	<entry desc="" docname="WHRSC/mvc/get_security_information/xsd_pool" id="WHRSC/mvc/get_security_information/xsd_pool" timestamp="" />
	<entry desc="" docname="WHRSC/mvc/get_security_information/logicsheet_pool" id="WHRSC/mvc/get_security_information/logicsheet_pool" timestamp="" />
	<entry desc="" docname="WHRSC/mvc/get_security_information/message_pool" id="WHRSC/mvc/get_security_information/message_pool" timestamp="" />
	<entry desc="" docname="WHRSC/mvc/get_security_information/other_resources_pool" id="WHRSC/mvc/get_security_information/other_resources_pool" timestamp="" />
	<entry desc="" docname="WHRSC/mvc/get_security_information/application" id="WHRSC/mvc/get_security_information/application" timestamp="" />
	<entry desc="" docname="WHRSC/mvc/get_security_information/formStructure" id="WHRSC/mvc/get_security_information/formStructure" timestamp="" />
	<entry desc="" docname="WHRSC/mvc/get_security_information/hyfinityBindings" id="WHRSC/mvc/get_security_information/hyfinityBindings" timestamp="" />
	<entry desc="" docname="WHRSC/mvc/get_security_information/xsl_pool" id="WHRSC/mvc/get_security_information/xsl_pool" timestamp="" />
	<entry desc="" docname="WHRSC/mvc/get_security_information/genDefaults" id="WHRSC/mvc/get_security_information/genDefaults" timestamp="" />
	<entry desc="" docname="WHRSC/mvc/get_security_information/L1_pattern_pool" id="WHRSC/mvc/get_security_information/L1_pattern_pool" timestamp="" />
	<entry desc="" docname="WHRSC/mvc/get_security_information/L1_pattern_instance_pool" id="WHRSC/mvc/get_security_information/L1_pattern_instance_pool" timestamp="" />
	<entry desc="" docname="WHRSC/mvc/get_security_information/L2_pattern_pool" id="WHRSC/mvc/get_security_information/L2_pattern_pool" timestamp="" />
	<entry desc="" docname="WHRSC/mvc/get_security_information/L2_pattern_instance_pool" id="WHRSC/mvc/get_security_information/L2_pattern_instance_pool" timestamp="" />
	<entry desc="" docname="WHRSC/mvc/get_security_information/L3_pattern_pool" id="WHRSC/mvc/get_security_information/L3_pattern_pool" timestamp="" />
	<entry desc="" docname="WHRSC/mvc/get_security_information/L3_pattern_instance_pool" id="WHRSC/mvc/get_security_information/L3_pattern_instance_pool" timestamp="" />
</index>
