<?xml version="1.0" encoding="UTF-8"?>
<index desc="user 1 collection index file" id="collection_index" name="user1 collection index" xmlns="http://www.hyfinity.com/xstore">
	<entry desc="" docname="LISTMANAGER/mvc/listmanager_managecandidate/xsd_pool" id="LISTMANAGER/mvc/listmanager_managecandidate/xsd_pool" timestamp="" />
	<entry desc="" docname="LISTMANAGER/mvc/listmanager_managecandidate/logicsheet_pool" id="LISTMANAGER/mvc/listmanager_managecandidate/logicsheet_pool" timestamp="" />
	<entry desc="" docname="LISTMANAGER/mvc/listmanager_managecandidate/message_pool" id="LISTMANAGER/mvc/listmanager_managecandidate/message_pool" timestamp="" />
	<entry desc="" docname="LISTMANAGER/mvc/listmanager_managecandidate/other_resources_pool" id="LISTMANAGER/mvc/listmanager_managecandidate/other_resources_pool" timestamp="" />
	<entry desc="" docname="LISTMANAGER/mvc/listmanager_managecandidate/application" id="LISTMANAGER/mvc/listmanager_managecandidate/application" timestamp="" />
	<entry desc="" docname="LISTMANAGER/mvc/listmanager_managecandidate/formStructure" id="LISTMANAGER/mvc/listmanager_managecandidate/formStructure" timestamp="" />
	<entry desc="" docname="LISTMANAGER/mvc/listmanager_managecandidate/hyfinityBindings" id="LISTMANAGER/mvc/listmanager_managecandidate/hyfinityBindings" timestamp="" />
	<entry desc="" docname="LISTMANAGER/mvc/listmanager_managecandidate/xsl_pool" id="LISTMANAGER/mvc/listmanager_managecandidate/xsl_pool" timestamp="" />
	<entry desc="" docname="LISTMANAGER/mvc/listmanager_managecandidate/genDefaults" id="LISTMANAGER/mvc/listmanager_managecandidate/genDefaults" timestamp="" />
	<entry desc="" docname="LISTMANAGER/mvc/listmanager_managecandidate/L1_pattern_pool" id="LISTMANAGER/mvc/listmanager_managecandidate/L1_pattern_pool" timestamp="" />
	<entry desc="" docname="LISTMANAGER/mvc/listmanager_managecandidate/L1_pattern_instance_pool" id="LISTMANAGER/mvc/listmanager_managecandidate/L1_pattern_instance_pool" timestamp="" />
	<entry desc="" docname="LISTMANAGER/mvc/listmanager_managecandidate/L2_pattern_pool" id="LISTMANAGER/mvc/listmanager_managecandidate/L2_pattern_pool" timestamp="" />
	<entry desc="" docname="LISTMANAGER/mvc/listmanager_managecandidate/L2_pattern_instance_pool" id="LISTMANAGER/mvc/listmanager_managecandidate/L2_pattern_instance_pool" timestamp="" />
	<entry desc="" docname="LISTMANAGER/mvc/listmanager_managecandidate/L3_pattern_pool" id="LISTMANAGER/mvc/listmanager_managecandidate/L3_pattern_pool" timestamp="" />
	<entry desc="" docname="LISTMANAGER/mvc/listmanager_managecandidate/L3_pattern_instance_pool" id="LISTMANAGER/mvc/listmanager_managecandidate/L3_pattern_instance_pool" timestamp="" />
</index>
