<?xml version="1.0" encoding="UTF-8"?>
<hy:rulebase cache="false" context="/" disable="true" forward_chain="false" return="/" xmlns="http://www.hyfinity.com/xstore" xmlns:hy="http://www.hyfinity.com/xengine" xmlns:mvc="http://www.hyfinity.com/mvc" xmlns:ns1="http://www.handysoft.com/bizflow" xmlns:ns2="http://schemas.xmlsoap.org/soap/envelope/" xmlns:ns3="http://DefaultNamespace" xmlns:ns4="http://www.hyfinity.com/xstore" xmlns:ns5="http://webservice.jo.wf.bf.hs.com" xmlns:xg="http://www.hyfinity.com/xgate" xmlns:xs="http://www.w3.org/2001/XMLSchema">
	<hy:rule base="pattern" desc="Makes service call to relevant target_controller." disable="false" id="call_PrepareForm-Controller_from_NewFormDataReceiver-Controller_rule" priority="30">
		<hy:head>
			<hy:result disable="false" id="call_service">
				<hy:operator>Service</hy:operator>
				<hy:target action="Call" name="mvc-determine_staffing-PrepareForm-Controller" parallel="false" update="append">
					<hy:params>
						<hy:param name="from_location" type="com.hyfinity.xpath.XPath">/</hy:param>
						<hy:param name="to_location" type="com.hyfinity.xpath.XPath">/</hy:param>
					</hy:params>
				</hy:target>
			</hy:result>
		</hy:head>
		<hy:body>
			<hy:clause id="check_service_call" multiple="false">
				<hy:operator>Read</hy:operator>
				<hy:target action="eval" name="factbase">
					<hy:params>
						<hy:param name="xpath_expression" type="com.hyfinity.xpath.XPath">/</hy:param>
					</hy:params>
				</hy:target>
			</hy:clause>
		</hy:body>
	</hy:rule>
	<hy:rule base="custom" desc="" disable="true" id="call_Update" priority="15">
		<hy:head>
			<hy:result disable="false" id="call_Update_Bond_Number">
				<hy:operator>SQL</hy:operator>
				<hy:target action="Query" name="mvc-determine_staffing-workflowdb-Database" update="append">
					<hy:params>
						<hy:param name="sql_statement" type="java.lang.String">update HHS_WHRSC_HR.main set GLOBAL_RECRUITMENT = $global_recruitment, HR_SPECIALIST = $hrSpecialist, HR_SPECIALIST_ID = replace($hrSecialistId, '[U]',''),ACTION_TYPE=$actionType
where transaction_id = $procid
</hy:param>
						<hy:param name="to_location" type="com.hyfinity.xpath.XPath">/mvc:eForm/mvc:Data</hy:param>
						<hy:param name="$global_recruitment" type="string">/mvc:eForm/mvc:Data/FORM_DATA/GLOBAL_RECRUITMENT</hy:param>
						<hy:param name="$hrSpecialist" type="string">/mvc:eForm/mvc:Data/mvc:formData/mvc:h_hrspecialistName</hy:param>
						<hy:param name="$hrSecialistId" type="string">/mvc:eForm/mvc:Data/FORM_DATA/HR_SPECIALIST_ID</hy:param>
						<hy:param name="$actionType" type="string">/mvc:eForm/mvc:Data/mvc:formData/mvc:h_actionType</hy:param>
						<hy:param name="$procid" type="string">/mvc:eForm/mvc:Data/WorkitemContext/Process/ID</hy:param>
					</hy:params>
				</hy:target>
			</hy:result>
		</hy:head>
		<hy:body />
	</hy:rule>
	<hy:rule base="custom" desc="" disable="false" id="save_to_db" priority="8">
		<hy:head>
			<hy:result disable="false" id="call_update_formdata">
				<hy:operator>SQL</hy:operator>
				<hy:target action="Query" name="mvc-determine_staffing-workflowdb-Database" update="append">
					<hy:params>
						<hy:param name="sql_statement" type="java.lang.String">{ call HHS_WHRSC_HR.SP_UPDATE_FORM_DATA ( 
    $formtype
    , $fielddata
    , $user
    , $procid
    , $transaction
    , $actseq
    , $witemseq
) }</hy:param>
						<hy:param name="to_location" type="com.hyfinity.xpath.XPath">/mvc:eForm/mvc:Data</hy:param>
						<hy:param name="$formtype" type="string">'WHRSCDETERMINE'</hy:param>
						<hy:param name="$fielddata" type="xml">/mvc:eForm/mvc:Data/FORM_DATA/DOCUMENT</hy:param>
						<hy:param name="$user" type="string">/mvc:eForm/mvc:Data/WorkitemContext/User/LoginID</hy:param>
						<hy:param name="$procid" type="int">/mvc:eForm/mvc:Data/WorkitemContext/Process/ID</hy:param>
						<hy:param name="$transaction" type="int">/mvc:eForm/mvc:Data/WorkitemContext/Process/ProcessVariables/transactionNumber</hy:param>
						<hy:param name="$actseq" type="int">/mvc:eForm/mvc:Data/WorkitemContext/Activity/Sequence</hy:param>
						<hy:param name="$witemseq" type="int">/mvc:eForm/mvc:Data/WorkitemContext/Workitem/Sequence</hy:param>
					</hy:params>
				</hy:target>
			</hy:result>
		</hy:head>
		<hy:body>
			<hy:clause id="check_doc" multiple="false">
				<hy:operator>Read</hy:operator>
				<hy:target action="eval" name="factbase">
					<hy:params>
						<hy:param name="xpath_expression" type="com.hyfinity.xpath.XPath">/mvc:eForm/mvc:Data/FORM_DATA/DOCUMENT</hy:param>
					</hy:params>
				</hy:target>
			</hy:clause>
		</hy:body>
	</hy:rule>
</hy:rulebase>
