<?xml version="1.0" encoding="UTF-8"?>
<index desc="user 1 collection index file" id="collection_index" name="user1 collection index" xmlns="http://www.hyfinity.com/xstore">
	<entry desc="" docname="WHRSC/mvc/whrsc_appointment_main/xsd_pool" id="WHRSC/mvc/whrsc_appointment_main/xsd_pool" timestamp="" />
	<entry desc="" docname="WHRSC/mvc/whrsc_appointment_main/logicsheet_pool" id="WHRSC/mvc/whrsc_appointment_main/logicsheet_pool" timestamp="" />
	<entry desc="" docname="WHRSC/mvc/whrsc_appointment_main/message_pool" id="WHRSC/mvc/whrsc_appointment_main/message_pool" timestamp="" />
	<entry desc="" docname="WHRSC/mvc/whrsc_appointment_main/other_resources_pool" id="WHRSC/mvc/whrsc_appointment_main/other_resources_pool" timestamp="" />
	<entry desc="" docname="WHRSC/mvc/whrsc_appointment_main/application" id="WHRSC/mvc/whrsc_appointment_main/application" timestamp="" />
	<entry desc="" docname="WHRSC/mvc/whrsc_appointment_main/formStructure" id="WHRSC/mvc/whrsc_appointment_main/formStructure" timestamp="" />
	<entry desc="" docname="WHRSC/mvc/whrsc_appointment_main/hyfinityBindings" id="WHRSC/mvc/whrsc_appointment_main/hyfinityBindings" timestamp="" />
	<entry desc="" docname="WHRSC/mvc/whrsc_appointment_main/xsl_pool" id="WHRSC/mvc/whrsc_appointment_main/xsl_pool" timestamp="" />
	<entry desc="" docname="WHRSC/mvc/whrsc_appointment_main/genDefaults" id="WHRSC/mvc/whrsc_appointment_main/genDefaults" timestamp="" />
	<entry desc="" docname="WHRSC/mvc/whrsc_appointment_main/L1_pattern_pool" id="WHRSC/mvc/whrsc_appointment_main/L1_pattern_pool" timestamp="" />
	<entry desc="" docname="WHRSC/mvc/whrsc_appointment_main/L1_pattern_instance_pool" id="WHRSC/mvc/whrsc_appointment_main/L1_pattern_instance_pool" timestamp="" />
	<entry desc="" docname="WHRSC/mvc/whrsc_appointment_main/L2_pattern_pool" id="WHRSC/mvc/whrsc_appointment_main/L2_pattern_pool" timestamp="" />
	<entry desc="" docname="WHRSC/mvc/whrsc_appointment_main/L2_pattern_instance_pool" id="WHRSC/mvc/whrsc_appointment_main/L2_pattern_instance_pool" timestamp="" />
	<entry desc="" docname="WHRSC/mvc/whrsc_appointment_main/L3_pattern_pool" id="WHRSC/mvc/whrsc_appointment_main/L3_pattern_pool" timestamp="" />
	<entry desc="" docname="WHRSC/mvc/whrsc_appointment_main/L3_pattern_instance_pool" id="WHRSC/mvc/whrsc_appointment_main/L3_pattern_instance_pool" timestamp="" />
</index>
