<?xml version="1.0" encoding="UTF-8"?>
<fm:structure xmlns:fm="http://www.hyfinity.com/formmaker">
	<form_details xmlns="http://www.hyfinity.com/formmaker">
		<error_highlight_method alert="false" as_you_type="true" validation_mode="all">bubble</error_highlight_method>
		<hint_display_method>tooltip</hint_display_method>
		<top_level_message class="topLevelMessage" required="false" style="" />
		<mark_mandatory class="mandatory" location="after_label" required="true" style=""> * </mark_mandatory>
		<description>Enter a description.</description>
		<page_background_style class="" style="" />
		<page_content_style class="" style="" />
		<page_events>
			<events>
				<event id="onload">
					<action id="CustomScript">
						<param name="Script" option="Script">initAttachmentTab();</param>
					</action>
				</event>
			</events>
		</page_events>
		<external_events />
	</form_details>
	<fm:group border_styling="false" compatability="false" fieldset="false" gen_method="layout" hide="false" label_position="left" name="attachementGrp" submit_if_hidden="true">
		<label class="label" options="static" position="outside_group" position_override="top" required="false" style="" type="static" value="Layout Group" xmlns="http://www.hyfinity.com/formmaker">
			<container class="groupLabelBackground" options="static" style="">
				<content_alignment distribution="vertical" />
			</container>
		</label>
		<style class="general_line_item" options="static" style="" xmlns="http://www.hyfinity.com/formmaker" />
		<fm:content_alignment distribution="horizontal" halign="center" valign="middle" />
		<fm:sizing height="fit_to_content" width="fully_expand" />
		<palette_ref control="Layout Group" xmlns="http://www.hyfinity.com/formmaker" />
		<fm:custom name="custom_control" type="custom">
			<fm:code>
				<div class="customControl" id="attachmentSectionID" xmlns="">
					<div ng-controller="CtrlAppMain">
						<div>
							<attachments document-types="$ctrl.documentTypes" id="hhsattachment" is-bulk-process="$ctrl.isBulkProcess" on-change-callback="$ctrl.onChange()" process-id="$ctrl.processID" process-type="$ctrl.processType" read-only="$ctrl.isReadOnly" show-hide-originals="$ctrl.showHideOriginal" />
						</div>
						<!--<div ng-if="$ctrl.pdSelected"><div class="panel-heading"><h4 class="panel-title">

                    You indicated 'Yes' that you have a classified position description (PD). Consider uploading it here.

                </h4></div></div>
		-->
						<input _required="false" class="hide" id="h_mandatoryDocumentsValid" name="h_mandatoryDocumentsValid" type="hidden" value="" />
					</div>
				</div>
			</fm:code>
			<fm:description>Enter a description.</fm:description>
			<palette_ref control="Custom" xmlns="http://www.hyfinity.com/formmaker" />
		</fm:custom>
	</fm:group>
</fm:structure>
