<?xml version="1.0" encoding="UTF-8"?>
<eForm xmlns="http://www.hyfinity.com/mvc" xmlns:mvc="http://www.hyfinity.com/mvc">
	<Control>
		<action>updateSearchResult</action>
		<Page />
		<Controller />
	</Control>
	<Data>
		<formData>
			<BasicTable>
				<ID />
				<CANDIDATE_ID />
				<REASON_CLEARED />
				<COMMENT />
				<SEARCH_ID />
			</BasicTable>
			<BasicTable_2 />
			<seachCount />
			<h_search_id />
		</formData>
		<SEARCH_LIST xmlns="">
			<record>
				<ID />
				<SEARCH_ID />
				<REASON_CLEARED />
				<COMMENT />
				<CANDIDATE_ID />
				<EMPLID />
				<LIST_ID />
				<LIST_NAME />
				<NAME />
				<PAY_PLAN />
				<ELIGIBILITY_OCC_SERIES />
				<ELIGIBILITY_GRADE />
				<ADDRESS_LATITUDE />
				<ADDRESS_LONGITUDE />
			</record>
		</SEARCH_LIST>
	</Data>
</eForm>
