<?xml version="1.0" encoding="UTF-8"?>
<index desc="hsguser/mvc/BizFlow/message_pool_pool" name="hsguser/mvc/BizFlow/message_pool_pool" xmlns="http://www.hyfinity.com/xstore">
	<entry desc="" docname="to_BizFlowEntry_page.xml" id="to_DummyStart_page" timestamp="" />
	<entry desc="" docname="calling_saveNewForm_action.xml" id="calling_saveNewForm_action" timestamp="" />
	<entry desc="" docname="to_NewForm_page.xml" id="to_NewForm_page" timestamp="" />
	<entry desc="" docname="calling_bizflowEntry_action.xml" id="calling_bizflowEntry_action" timestamp="" />
	<entry desc="" docname="calling_displayList_action.xml" id="calling_Action_1_action" timestamp="" />
	<entry desc="" docname="to_ResultsList_page.xml" id="to_PartialPage_1_page" timestamp="" />
	<entry desc="" docname="calling_updateSearchResult_action.xml" id="calling_updateSearchResult_action" timestamp="" />
	<entry desc="" docname="to_UpdateSearchResult_page.xml" id="to_UpdateSearchResult_page" timestamp="" />
	<entry desc="" docname="to_UpdateSearchResult_page_2.xml" id="to_UpdateSearchResult_page_2" timestamp="" />
</index>
