<?xml version="1.0" encoding="UTF-8"?>
<xforms xmlns="http://www.hyfinity.com/formmaker" xmlns:mvc="http://www.hyfinity.com/mvc">
	<instance_configuration />
	<page />
	<group name="layout_group_2" />
	<group name="logo_section" />
	<group name="layout_group_13" />
	<group name="layout_group_14" />
	<group name="logo" />
	<group name="layout_group_1" />
	<group name="title_2" />
	<group name="layout_group_15" />
	<group name="logo_2" />
	<element name="logoImage_1">
		<fm:action name="saveNewForm" xmlns:fm="http://www.hyfinity.com/formmaker">
			<fm:xform_xpath>/mvc:eForm/mvc:Data/mvc:formData/mvc:logoImage_1</fm:xform_xpath>
		</fm:action>
		<fm:transform_xpath xmlns:fm="http://www.hyfinity.com/formmaker">/mvc:eForm/mvc:Data/mvc:formData/mvc:logoImage_1</fm:transform_xpath>
	</element>
	<element name="formTitle_2">
		<fm:action name="saveNewForm" xmlns:fm="http://www.hyfinity.com/formmaker">
			<fm:xform_xpath>/mvc:eForm/mvc:Data/mvc:formData/mvc:formTitle_2</fm:xform_xpath>
		</fm:action>
		<fm:transform_xpath xmlns:fm="http://www.hyfinity.com/formmaker">/mvc:eForm/mvc:Data/mvc:formData/mvc:formTitle_2</fm:transform_xpath>
	</element>
	<element name="logoImage_2">
		<fm:action name="saveNewForm" xmlns:fm="http://www.hyfinity.com/formmaker">
			<fm:xform_xpath>/mvc:eForm/mvc:Data/mvc:formData/mvc:logoImage_2</fm:xform_xpath>
		</fm:action>
		<fm:transform_xpath xmlns:fm="http://www.hyfinity.com/formmaker">/mvc:eForm/mvc:Data/mvc:formData/mvc:logoImage_2</fm:transform_xpath>
	</element>
	<group name="backgroud" />
	<element name="h_recordCount">
		<fm:action name="saveNewForm" xmlns:fm="http://www.hyfinity.com/formmaker">
			<fm:xform_xpath>/mvc:eForm/mvc:Data/mvc:formData/mvc:h_recordCount</fm:xform_xpath>
		</fm:action>
		<transform_xpath>/mvc:eForm/mvc:Data/LIST/status/record_count</transform_xpath>
		<description />
	</element>
	<group name="layout_group" />
	<group name="BasicTable_container_group_2" />
	<group name="table_content_2" />
	<repeat name="BasicTable">
		<fm:action name="saveNewForm" xmlns:fm="http://www.hyfinity.com/formmaker">
			<xform_xpath>enter_xpath_here</xform_xpath>
		</fm:action>
		<repeat_xpath>/mvc:eForm/mvc:Data/LIST/record</repeat_xpath>
	</repeat>
	<element name="LIST_TYPE">
		<fm:action name="saveNewForm" xmlns:fm="http://www.hyfinity.com/formmaker" />
		<transform_xpath>LIST_TYPE</transform_xpath>
		<description />
	</element>
	<element name="LIST_NAME">
		<fm:action name="saveNewForm" xmlns:fm="http://www.hyfinity.com/formmaker" />
		<transform_xpath>LIST_NAME</transform_xpath>
		<description />
	</element>
	<element name="LIST_ORG_CODE">
		<fm:action name="saveNewForm" xmlns:fm="http://www.hyfinity.com/formmaker" />
		<transform_xpath>OWNING_ORG_CODE</transform_xpath>
		<description />
	</element>
	<element name="LIST_END_DATE">
		<fm:action name="saveNewForm" xmlns:fm="http://www.hyfinity.com/formmaker" />
		<transform_xpath>LIST_EFF_END_DATE</transform_xpath>
		<description />
	</element>
	<element name="VIEW_LIST_BTN">
		<fm:transform_xpath xmlns:fm="http://www.hyfinity.com/formmaker">mvc:VIEW_LIST_BTN</fm:transform_xpath>
		<fm:action name="saveNewForm" xmlns:fm="http://www.hyfinity.com/formmaker">
			<fm:xform_xpath>mvc:VIEW_LIST_BTN</fm:xform_xpath>
		</fm:action>
		<description />
	</element>
	<element name="EDIT_LIST_BTN">
		<fm:transform_xpath xmlns:fm="http://www.hyfinity.com/formmaker">mvc:EDIT_LIST_BTN</fm:transform_xpath>
		<fm:action name="saveNewForm" xmlns:fm="http://www.hyfinity.com/formmaker">
			<fm:xform_xpath>mvc:EDIT_LIST_BTN</fm:xform_xpath>
		</fm:action>
		<description />
	</element>
	<element name="h_listId">
		<fm:action name="saveNewForm" xmlns:fm="http://www.hyfinity.com/formmaker">
			<fm:xform_xpath>mvc:h_listId</fm:xform_xpath>
		</fm:action>
		<transform_xpath>LIST_ID</transform_xpath>
		<description />
	</element>
	<element name="LIST_DESCRIPTION">
		<fm:action name="saveNewForm" xmlns:fm="http://www.hyfinity.com/formmaker" />
		<transform_xpath>LIST_DESCRIPTION</transform_xpath>
		<description />
	</element>
	<element name="h_currentUser">
		<fm:action name="saveNewForm" xmlns:fm="http://www.hyfinity.com/formmaker">
			<xform_xpath>/mvc:eForm/mvc:Data/mvc:formData/mvc:h_currentUser</xform_xpath>
		</fm:action>
		<transform_xpath>/mvc:eForm/mvc:Control/mvc:currentUser</transform_xpath>
		<description />
	</element>
	<repeat name="BasicTable_2">
		<fm:action name="saveNewForm" xmlns:fm="http://www.hyfinity.com/formmaker">
			<xform_xpath>enter_xpath_here</xform_xpath>
		</fm:action>
		<repeat_xpath>/mvc:eForm/mvc:Data/LIST_P2/record</repeat_xpath>
	</repeat>
	<group name="table_content_3" />
	<element name="h_listId_2">
		<fm:action name="saveNewForm" xmlns:fm="http://www.hyfinity.com/formmaker">
			<fm:xform_xpath>mvc:h_listId</fm:xform_xpath>
		</fm:action>
		<transform_xpath>LIST_ID</transform_xpath>
		<description />
	</element>
	<element name="VIEW_LIST_BTN_2">
		<fm:transform_xpath xmlns:fm="http://www.hyfinity.com/formmaker">mvc:VIEW_LIST_BTN</fm:transform_xpath>
		<fm:action name="saveNewForm" xmlns:fm="http://www.hyfinity.com/formmaker">
			<fm:xform_xpath>mvc:VIEW_LIST_BTN</fm:xform_xpath>
		</fm:action>
		<description />
	</element>
	<element name="EDIT_LIST_BTN_2">
		<fm:transform_xpath xmlns:fm="http://www.hyfinity.com/formmaker">mvc:EDIT_LIST_BTN</fm:transform_xpath>
		<fm:action name="saveNewForm" xmlns:fm="http://www.hyfinity.com/formmaker">
			<fm:xform_xpath>mvc:EDIT_LIST_BTN</fm:xform_xpath>
		</fm:action>
		<description />
	</element>
	<element name="LIST_TYPE_2">
		<fm:action name="saveNewForm" xmlns:fm="http://www.hyfinity.com/formmaker">
			<fm:xform_xpath>mvc:LIST_TYPE_2</fm:xform_xpath>
		</fm:action>
		<transform_xpath>LIST_TYPE</transform_xpath>
		<description />
	</element>
	<element name="LIST_NAME_2">
		<fm:action name="saveNewForm" xmlns:fm="http://www.hyfinity.com/formmaker">
			<fm:xform_xpath>mvc:LIST_NAME_2</fm:xform_xpath>
		</fm:action>
		<transform_xpath>LIST_NAME</transform_xpath>
		<description />
	</element>
	<element name="LIST_ORG_CODE_2">
		<fm:action name="saveNewForm" xmlns:fm="http://www.hyfinity.com/formmaker">
			<fm:xform_xpath>mvc:LIST_ORG_CODE_2</fm:xform_xpath>
		</fm:action>
		<transform_xpath>OWNING_ORG_CODE</transform_xpath>
		<description />
	</element>
	<element name="LIST_END_DATE_2">
		<fm:action name="saveNewForm" xmlns:fm="http://www.hyfinity.com/formmaker">
			<fm:xform_xpath>mvc:LIST_END_DATE_2</fm:xform_xpath>
		</fm:action>
		<transform_xpath>LIST_EFF_END_DATE</transform_xpath>
		<description />
	</element>
	<element name="LIST_DESCRIPTION_2">
		<fm:action name="saveNewForm" xmlns:fm="http://www.hyfinity.com/formmaker">
			<fm:xform_xpath>mvc:LIST_DESCRIPTION_2</fm:xform_xpath>
		</fm:action>
		<transform_xpath>LIST_DESCRIPTION</transform_xpath>
		<description />
	</element>
	<element name="h_recordCount_2">
		<fm:action name="saveNewForm" xmlns:fm="http://www.hyfinity.com/formmaker">
			<fm:xform_xpath>/mvc:eForm/mvc:Data/mvc:formData/mvc:h_recordCount_2</fm:xform_xpath>
		</fm:action>
		<transform_xpath>/mvc:eForm/mvc:Data/LIST_P2/status/record_count</transform_xpath>
		<description />
	</element>
</xforms>
